id,Question,Marks,GS - Paper,Subject,Year,Model Answer
1,Discuss the salient features of the Harappan architecture.,10,GS 1,Art & Culture,2025,"Recent excavations at the ancient Indus Valley site of **Rakhigarhi** have uncovered well-planned townships, sophisticated drainage systems, and cultural artifacts and have reinforced the Harappan Civilization's status as pioneers of **urban architecture and sophisticated city planning**.

## **Urban Planning and Layout**

- Cities followed **distinctive grid pattern** with streets intersecting at right angles, demonstrating advanced geometric understanding
- Settlements divided into **Upper Citadel** (administrative area) and **Lower Town** (residential quarters) showing clear functional zoning
- **Wide main streets** with narrower lanes creating hierarchical road network
- **Dholavira** exhibits unique **water management architecture** with reservoirs and sophisticated channeling systems
- Recent **Padta Bet excavations (2024)** revealed a 5,200-year-old Harappan settlement, near Khatiya village in Kachchh district, Gujarat and revealed Early Harappan settlements with distinct residential clustering patterns

![Town Planning in Indus Valley Civilisation](https://d1xzxglpo1zn8i.cloudfront.net/web/model-answer-images/ivc.jpg)

## **Construction Materials and Techniques**

| Feature | Specification | Example Location |
|---------|---------------|------------------|
| Brick Ratio | 1:2:4 standardized | Mohenjo-daro, Harappa |
| Mortar Type | Gypsum-based cement | Great Bath |
| Building Height | Multi-story structures | Harappa residential area |
| Foundation | Deep stone foundations | Dholavira citadel |

- **Kiln-fired bricks** provided durability against monsoons and floods
- **Corbelled arches** and sophisticated load-bearing techniques enabled multi-story construction
- **Ratadia Ri Deri discoveries (2024)** show advanced masonry work extending into Rajasthan's Thar Desert

## **Public Architecture and Infrastructure**

- **Great Bath at Mohenjo-daro** (12m×7m×2.4m depth) with bitumen waterproofing and twin staircases
- **Underground drainage system** with covered drains, inspection chambers, and street-level manholes
- **Granaries with ventilation shafts** at Harappa showing advanced food storage technology
- **Assembly halls** and **public courtyards** indicating community-centered planning
- **Kalibangan's fire altars** represent earliest known **ritual architecture** in Indian subcontinent

The **Harappan architectural legacy** continues influencing modern urban planning through **Smart Cities Mission**, demonstrating timeless principles of **sustainable development and inclusive city design**."
2,Examine the main aspects of Akbar’s religious syncretism.,10,GS 1,Art & Culture,2025,"Akbar’s reign (1556–1605) witnessed a conscious effort to transcend sectarian divisions and forge an inclusive imperial ideology. His policy of **Sulh-i-Kul (peace with all)** emphasized universal tolerance, ethical governance, and respect for all faiths. 

## Philosophical Foundation of Akbar's Syncretism

- **""Sulh-i-Kul"" (Universal Peace)** as the cornerstone principle promoting religious tolerance and social harmony
- Emphasis on **rational thinking** over orthodox dogma, influenced by Persian Sufi traditions
- Recognition of **universal divine truth** present across all religions, transcending sectarian boundaries
- Adoption of **""Insaan-i-Kamil""** (Perfect Man) concept integrating spiritual wisdom from multiple faiths
- Development of **humanistic approach** prioritizing moral conduct over ritual adherence

## Institutional Mechanisms for Religious Integration

- Establishment of **Ibadat Khana (1575)** at Fatehpur Sikri for structured interfaith dialogues
- Regular participation of **Jesuit priests, Parsi mobeds, Jain acharyas, and Hindu pandits** in theological discussions
- Creation of **Din-i-Ilahi (1582)** incorporating Islamic monotheism, Hindu karma theory, and Zoroastrian fire worship
- Formation of **""Disciples of Light""** brotherhood with members from diverse religious backgrounds
- **Mahzar Declaration (1579)** establishing Akbar as supreme religious authority over orthodox ulema

## Administrative and Social Reforms

| Reform Area | Specific Measures | Impact |
|-------------|------------------|---------|
| **Taxation** | Abolition of Jizya (1564), Pilgrimage tax | Religious equality |
| **Administration** | Hindu nobles: Todar Mal, Man Singh, Birbal | Merit-based appointments |
| **Marriage Policy** | Rajput alliances with Amber, Bikaner, Jaisalmer | Political-cultural synthesis |

## Cultural Synthesis and Artistic Patronage

- **Fatehpur Sikri architecture** blending Islamic arches with Hindu chhatris and Jain decorative elements
- Patronage of **Hindu artists like Daswanth, Basawan** creating Persian miniatures with Indian themes
- Translation of **Hindu epics** (Ramayana, Mahabharata) into Persian under court supervision
- **Festival participation** including Diwali, Holi, and Nauroz celebrations at Mughal court
- Development of **Akbari Persian** incorporating Sanskrit and Hindi vocabulary

Akbar’s experiment in religious syncretism went far beyond personal curiosity, it became a **statecraft tool to manage India’s immense diversity**. By dismantling orthodox barriers and fostering a culture of dialogue, he weakened religious exclusivism and promoted political stability through inclusiveness. "
3,The sculptors filled the Chandella artform with resilient vigor and breadth of life. Elucidate.,10,GS 1,Art & Culture,2025,"The Chandella artform, particularly represented by the temples of **Khajuraho (10th–12th century CE)**, epitomizes the creative brilliance of medieval Indian sculpture. The sculptors infused vitality and dynamism into stone, making it resonate with human emotions, daily life, and divine symbolism.

## Technical Mastery and Sculptural Innovation

- **Material expertise**: Utilized **buff and pink sandstone** from local Panna quarries, enabling intricate carving and fine detailing
- **Architectural integration**: Created **multi-tiered sculptural panels** across temple exteriors, with over **900 sculptures** at Kandariya Mahadeva temple alone
- **Three-dimensional modeling**: Achieved remarkable depth through **high relief technique**, making figures appear to emerge from stone
- **Precision craftsmanship**: Demonstrated exceptional skill in depicting **jewelry, fabric textures**, and minute anatomical details
- **Compositional balance**: Masterfully arranged sculptures to create visual harmony between **divine, semi-divine, and human figures**

## Resilient vigor in form and movement
- **Human Body Representation**: Sculptures portray the human body in dynamic postures (tribhanga, alidhasthana), suggesting energy and grace.
- **Nature Reflection**: Erotic sculptures (mithunas) symbolize fertility, procreation, and the cosmic creative force, reflecting robustness and resilience of life itself.
- **Strong presentation of the divine**: Figures of gods, apsaras, warriors, musicians, and dancers are carved with muscular strength and vitality, transcending the rigidity of stone.

## Thematic Richness and Life Representation

- **Divine pantheon**: Elaborate depictions of **Vishnu, Shiva, Devi** in various forms, showcasing theological understanding
- **Secular life**: Vivid portrayal of **courtly life, musicians, dancers**, and daily activities of medieval society
- **Emotional spectrum**: Expert rendering of **Navarasas** (nine emotions) through facial expressions and body language
- **Nature integration**: Abundant use of **flora, fauna, celestial beings**, creating organic connection with environment
- **Social documentation**: Detailed representation of **contemporary costumes, ornaments**, and lifestyle patterns

## Cultural Synthesis and Spiritual Symbolism

- **Religious harmony**: Seamless blend of **Hindu and Jain iconography** reflecting Chandella patronage
- **Tantric philosophy**: Integration of **spiritual and physical dimensions** through symbolic representations
- **Cosmic vision**: Sculptures represent **universe in miniature**, from earthly to celestial realms
- **Mithunas significance**: Couples depicted as symbols of **cosmic union and fertility**
- **Architectural symbolism**: Temples designed as **cosmic mountains** with sculptures narrating divine stories

The Chandella sculptors transcended mere ornamentation; they carved stone into living forms. Their art at Khajuraho breathes vigor, movement, and the fullness of human experience, making it a unique chapter in Indian cultural history. Their work at **UNESCO World Heritage Khajuraho** remains India's sculptural pinnacle."
4,How are climate change and the sea level rise affecting the very existence of many island nations? Discuss with examples.,10,GS 1,World Geography,2025,"Recent NASA data shows **15cm sea level rise** projected for Pacific islands in 30 years, threatening the very existence of island nations. Small Island Developing States (SIDS) sit at the frontline of the climate crisis. 

## **Physical Threats to Island Nations' Existence**

**Sea Level Rise Impact:**
- **Tuvalu Island**: Faces complete submersion with 72cm rise by 2100 under 3°C warming
- **Maldives**: 80% of land lies less than 1 meter above sea level
- **Marshall Islands**: King tides now flood homes and roads regularly
- **Kiribati**: Two uninhabited islets already disappeared underwater
- **Solomon Islands**: Five reef islands vanished due to rising seas and erosion

**Coastal Erosion and Land Loss:**
- **Carteret Islands (Papua New Guinea)**: First climate refugees relocated in 2005
- **Ghoramara Island (India)**: Lost 75% of landmass since 1969
- **Isle de Jean Charles (Louisiana)**: Residents relocated by US government in 2016
- **Taro Island (Solomon Islands)**: Provincial capital being relocated inland
- **Shishmaref (Alaska)**: Entire community voted to relocate due to coastal erosion

## **Socio-Economic Impacts Threatening Existence**

**Population Displacement:**
- **2016 UN report**: Half of Kiribati households affected by sea level rise
- **Tuvalu**: Government exploring ""migration with dignity"" options
- **Marshall Islands**: Compact agreement with US for climate migration
- **Vanuatu**: 94% population vulnerable to climate disasters
- **Fiji**: Already relocated 6 villages, 676 more identified for relocation

**Economic Devastation:**
- **Cyclone Kenneth (2019)**: Caused $188 million damage (16% of Mozambique's GDP)
- **Hurricane Maria (2017)**: Puerto Rico faced 11-month blackout
- **Tonga**: Volcanic eruption and tsunami caused $90 million damage (18% of GDP)
- **Barbados**: Hurricane season costs average 4% of annual GDP
- **Seychelles**: Tourism sector (65% of GDP) threatened by coral bleaching

## **International Response and Adaptation Efforts**

**Financial Mechanisms:**
- **Green Climate Fund**: $350 million allocated for SIDS projects (2024)
- **Adaptation Fund**: $1.39 billion approved for 2023-2027
- **Loss and Damage Fund**: Established at COP28 for vulnerable nations
- **AOSIS**: 44 island states advocating for 1.5°C temperature limit
- **Pacific Island Forum**: Regional cooperation for climate resilience

## Sovereignty, migration & law
- **Atoll nations** (Tuvalu, Kiribati, Marshall Islands): Questions arise about statehood if territory becomes uninhabitable, and whether EEZ/continental shelf rights persist if baselines are submerged.
- **Policy responses:**
    1. “Migration with dignity” (Kiribati) and bilateral mobility pathways (e.g., Australia–Tuvalu “Falepili” arrangement) to secure planned, rights-based migration.
    2. Fixed maritime baselines proposals by Pacific states to preserve maritime zones despite SLR.
    3. Tuvalu’s **“digital nation”** initiative to safeguard governance, heritage and records if physical territory is lost.

The response must combine deep global mitigation, scaled and predictable adaptation & loss-and-damage finance, legal innovations to preserve sovereignty and maritime rights, and people-centred relocation pathways where in-place adaptation reaches its limits."
5,What are non-farm primary activities? How are these activities related to physiographic features in India? Discuss with suitable examples.,10,GS 1,Indian Geography,2025,"While farming/agriculture is the most prominent primary activity, non-farm primary activities include all other resource-based occupations like **fishing, forestry, mining, quarrying, hunting, and gathering**. 

These are heavily influenced by the physiographic features of India, as landforms, climate, vegetation, soils, and water bodies determine their spatial distribution.

## Non-Farm Primary Activities

**Non-farm primary activities** involve extraction and collection of natural resources excluding agriculture:

- **Mining Operations**: Coal, iron ore, bauxite, limestone extraction
- **Quarrying Activities**: Stone, sand, gravel, marble extraction  
- **Forestry Operations**: Timber harvesting, NTFP collection, bamboo cutting
- **Fishing Activities**: Marine and inland water fishing
- **Salt Production**: Solar evaporation and rock salt mining

## Relationship with Physiographic Features

### Plains and Non-Farm Activities
- **Sand Mining**: Extensive riverine sand extraction in **Yamuna and Ganga floodplains**
- **Brick Manufacturing**: Clay extraction from alluvial deposits in **Punjab and Haryana**
- **Inland Fisheries**: Carp cultivation in **West Bengal's deltaic region**
- **Groundwater Extraction**: Tube well operations across **Indo-Gangetic plains**

| Activity | Location | Physiographic Advantage |
|----------|----------|------------------------|
| Sand Mining | Ganga Plains | Alluvial deposits |
| Clay Extraction | Punjab Plains | Rich alluvium |
| Fish Farming | Bengal Delta | Extensive wetlands |

### Plateau Regions and Resource Extraction
- **Coal Mining**: **Jharkhand's Chotanagpur plateau** contributes 40% of India's coal
- **Iron Ore Mining**: **Odisha's Eastern Ghats** provide 60% of iron ore
- **Bauxite Extraction**: **Kalahandi plateau** in Odisha
- **Stone Quarrying**: **Rajasthan's Aravalli** for sandstone and marble
- **Forest Products**: **Madhya Pradesh's Vindhyan plateau** for tendu leaves

### Coastal Areas and Marine Resources
- **Marine Fishing**: **Gujarat coast** leads in fish production (18% national share)
- **Salt Production**: **Kutch region** produces 76% of India's salt
- **Pearl Cultivation**: **Tamil Nadu's coastal lagoons**
- **Seaweed Harvesting**: **Ramanathapuram coast** for agar-agar production

### Mountain Regions and Specialized Activities
- **Slate Mining**: **Himachal Pradesh's lesser Himalayas**
- **Limestone Quarrying**: **Uttarakhand's Doon valley**
- **Medicinal Plant Collection**: **Kashmir's alpine meadows** for saffron
- **Timber Operations**: **Arunachal Pradesh's Eastern Himalayas**
## Examples showing physiography-activity nexus

- Physiography of coastlines → thriving fishing communities (Matsyakaras of Andhra, Mukkuvas of Tamil Nadu).
- Thar Desert → pastoral economy (sheep wool, camel trade).
- Himalayas → forestry, medicinal plants, horticulture + transhumant pastoralism (Gujjars, Bakarwals).
- Plateaus → mining townships (Dhanbad, Singhbhum, Bellary).

Non-farm primary activities not only provide subsistence and livelihood but also form the raw material base for secondary industries like steel, textiles, pharmaceuticals, and fisheries. 

These activities demonstrate how India's physiographic diversity creates specialized economic opportunities, supported by initiatives like the **National Mineral Information Center (2023)** and **Blue Economy Policy**."
6,Explain briefly the ecological and economic benefits of solar energy generation in India with suitable examples.,10,GS 1,Indian Geography,2025,"India's solar capacity crossed **119.02 GW in 2025**, making it the world's third-largest solar energy producer while delivering significant ecological and economic dividends.

## Ecological Benefits of Solar Energy Generation

- **Carbon Emission Reduction**: Solar installations prevented **410.9 million tonnes of CO2 emissions** in 2024, supporting India's **Net Zero 2070** commitment.

- **Water Conservation**: Solar PV systems use **95% less water** than thermal plants - crucial for water-stressed states like Rajasthan where the **Bhadla Solar Park** saves 1.5 million liters daily.

- **Air Quality Improvement**: Solar energy reduces **particulate matter and sulfur dioxide emissions**, contributing to cleaner air in pollution-heavy regions like NCR and Maharashtra.

- **Land Optimization**: **Agri-voltaics projects** in Gujarat combine farming with solar panels, increasing land productivity by 60% while generating clean energy.

- **Biodiversity Conservation**: **Floating solar projects** like Ramagundam in Telangana (100 MW) preserve terrestrial ecosystems while **reducing water evaporation by 70%**.

## Economic Benefits of Solar Energy Generation

- **Employment Creation**: Solar sector employed **1.3 million people** in 2023, with **Skill India's Suryamitra program** training over 50,000 solar technicians across rural areas.

- **Rural Electrification**: **PM-KUSUM scheme** has installed 2.8 lakh solar pumps, benefiting farmers in states like **Haryana and Uttar Pradesh** with 24x7 irrigation access.

- **Cost Competitiveness**: Solar tariffs in India dropped to a range of **₹2.48 – ₹4.99 per unit** during FY 2024-25, a roughly 50% decrease from the FY 2013-14, with an **all-time low bid of ₹2.44/kWh** for the Bhadla Solar Park. This makes it cheaper than coal-based power, reducing electricity costs for industries and households.

- **Energy Security**: Domestic solar manufacturing supported by **PLI scheme** reduced import dependency by 40%, with companies like **Adani and Tata** establishing gigawatt-scale facilities.

- **Export Potential**: India exported **$1.5 billion** worth of solar equipment in 2024, positioning itself as a global solar hub under **One Sun One World One Grid**.

Solar energy transformation exemplifies India's commitment to sustainable development, with initiatives like **International Solar Alliance** fostering global cooperation toward **500 GW renewable capacity by 2030**."
7,What are Tsunamis? How and where are they formed? What are their consequences? Explain with examples.,10,GS 1,Physical Geography,2025,"The **2004 Indian Ocean Tsunami** highlighted the devastating power of these ocean waves, killing over 230,000 people across 14 countries and emphasizing the urgent need for global tsunami preparedness.

## What are Tsunamis?

**Tsunamis** are series of ocean waves generated by sudden displacement of large water volumes, traveling at speeds of **500-800 km/hr** in deep waters. Unlike regular waves caused by wind, tsunamis involve entire water columns from surface to seabed.

## How and Where are Tsunamis Formed?

### Causes of Tsunamis

| **Cause** | **Process** | **Examples** |
|-----------|-------------|--------------|
| **Underwater Earthquakes** | Seismic activity displaces seafloor vertically | 2004 Indian Ocean (Magnitude 9.1), 2011 Japan (Magnitude 9.0) |
| **Underwater Volcanic Eruptions** | Underwater explosions displace water masses | 2022 Hunga Tonga-Hunga Ha'apai |
| **Submarine Landslides** | Underwater slope failures create water displacement | 1998 Papua New Guinea |
| **Meteorite Impacts** | Large objects hitting ocean surfaces | Chicxulub crater (historical) |

### Mechanism of a Tsunami
- **Seafloor Disturbance:** A strong undersea earthquake, volcanic eruption, or landslide causes sudden vertical displacement of the seabed.
- **Water Column Displacement:** This movement pushes or pulls a massive volume of water above, disturbing the ocean’s surface.
- **Wave Propagation:** Energy travels outward in the form of long, fast-moving waves (up to 800 km/h) across the deep ocean with low height.
- **Shoaling and Coastal Impact:** As waves enter shallow coastal waters, they slow down and grow in height dramatically, resulting in giant, destructive waves that flood coastal areas. 
![Tsunami Wave Formation](https://d1xzxglpo1zn8i.cloudfront.net/web/model-answer-images/Tsunami+Wave+Formation.jpg)

### Formation Locations
- **Pacific Ring of Fire**: 80% of global tsunamis occur here
- **Subduction Zones**: **Andaman**, **Makran**, and **Java trenches**
- **Volcanic Islands**: **Indonesia**, **Philippines**, **Japan**
- **Transform Fault Lines**: **California coast**, **Mediterranean Sea**
- **Continental Margins**: Areas with steep underwater topography

## Consequences of Tsunamis

### Immediate Impacts
- **Human Casualties**: **2004 tsunami** killed 230,000+ people across Indian Ocean
- **Infrastructure Destruction**: **2011 Japan tsunami** caused **$235 billion** in damages
- **Coastal Inundation**: Waves reaching **40 meters height** in Japan (2011)
- **Nuclear Disasters**: **Fukushima Daiichi** meltdown triggered by tsunami
- **Port Disruption**: Major shipping routes and fishing industries paralyzed

### Long-term Consequences
- **Environmental Degradation**: **Saltwater intrusion** affecting agriculture for years
- **Economic Disruption**: Tourism losses in **Thailand** and **Sri Lanka** post-2004
- **Social Displacement**: **160,000 people** still displaced in Japan (2011)
- **Groundwater Contamination**: Coastal aquifers affected by saltwater
- **Ecosystem Damage**: Coral reefs and mangrove destruction

**IOWave23** exercises and **Indian Ocean Tsunami Warning System** demonstrate international cooperation in building resilient coastal communities through early warning systems and disaster preparedness."
8,How does smart city in India address the issues of urban poverty and distributive justice?,10,GS 1,Indian Society,2025,"India’s **Smart Cities Mission (SCM)**, launched in 2015, aims to promote sustainable and inclusive urban development by leveraging technology, urban planning, and citizen participation. While its core focus is infrastructure and service delivery, the mission also indirectly addresses urban poverty and the principle of distributive justice.

## Smart City Solutions for Urban Poverty

- **Digital Inclusion Programs**: Implementation of **free Wi-Fi zones** and **Common Service Centers (CSCs)** in slums, providing digital access to 2.5 crore urban poor under Digital India initiative.

- **Skill Development Integration**: Cities like **Pune** and **Bhubaneswar** integrate **PMKVY centers** with smart infrastructure, training 50,000+ youth annually in emerging technologies.

- **Affordable Housing**: Convergence with **Pradhan Mantri Awas Yojana (Urban)** and inclusion of EWS housing in Area-Based Development (ABD), promotes inclusive housing access.

- **Healthcare Access**: **Telemedicine kiosks** in urban slums connect residents to specialists - Ahmedabad's 200+ kiosks serve 1 lakh patients annually.

- **Financial Inclusion**: **Digital payment ecosystems** and **banking correspondents** integrated with smart city apps enable formal banking access for informal workers.

## Distributive Justice Through Smart Governance

- **Transparent Service Delivery**: **Single-window clearance systems** and **real-time grievance tracking** - Hyderabad's **T-Fibre** connects 26 lakh households across economic strata.

- **Inclusive Infrastructure**: **Smart bus rapid transit** and **bicycle sharing** ensure affordable mobility - Ahmedabad's BRTS covers slum areas with ₹5 tickets.

- **Participatory Planning**: **Citizen engagement apps** like Bangalore's **Sahaya** allow slum residents to report issues directly to authorities.

- **Economic Empowerment**: **Digital marketplaces** for street vendors - Surat's **smart vending zones** formalized 5,000+ informal businesses.

- **Data-Driven Resource Allocation**: **GIS-based mapping** identifies underserved areas for prioritized development - Chennai allocated 40% smart city funds to low-income neighborhoods.

While the Smart Cities Mission is not explicitly framed as an **anti-poverty program**, it incorporates features that promote **inclusivity, access, and urban equity**. With stronger safeguards, better convergence with social welfare schemes, and deliberate targeting of the urban poor, the mission can become a **powerful vehicle for distributive justice in India’s cities**."
9,The ethos of civil service in India stand for the combination of professionalism with nationalistic consciousness – Elucidate.,10,GS 1,Indian Society,2025,"Civil services in India are the **backbone of the administrative machinery** and are expected to uphold the values enshrined in the Constitution. Their **ethos** is shaped by a fine balance between **professional competence** and a **deep-rooted nationalistic consciousness**, aimed at serving the people and preserving the unity and integrity of India.

## Professional Excellence in Civil Services

- **Merit-based Recruitment**: UPSC's rigorous three-tier examination ensures selection of candidates with diverse academic backgrounds and analytical capabilities.
- **Technical Competency**: Growing representation of engineers, doctors, and management professionals brings specialized knowledge to governance challenges.
- **Continuous Capacity Building**: Institutions like **Lal Bahadur Shastri National Academy of Administration** provide regular training in emerging technologies, policy analysis, and administrative reforms.
- **Performance Standards**: Implementation of **Result Framework Document (RFD)** and **Sevottam Model** ensures accountability and service delivery excellence.
- **Digital Governance Skills**: Proficiency in e-governance platforms enables efficient service delivery through initiatives like **Digital India**.

## Nationalistic Consciousness in Service

- **Constitutional Commitment**: Civil servants serve as custodians of **fundamental rights** and **directive principles**, ensuring social justice and inclusive development.
- **Crisis Leadership**: Exemplary performance during COVID-19 pandemic, natural disasters, and border tensions demonstrates unwavering national dedication.
- **Cultural Sensitivity**: Understanding India's diverse socio-cultural fabric while implementing policies across different regions and communities.
- **Grassroots Engagement**: Direct connect with citizens through programs like **Gram Swaraj Abhiyan** and **Aspirational Districts Programme**.
- **Policy Innovation**: Developing indigenous solutions like **Aadhaar system** and **JAM Trinity** addressing India's unique developmental challenges.

## Synthesis of Both Dimensions

| Aspect | Professional Element | Nationalistic Element |
|--------|---------------------|---------------------|
| Decision Making | Evidence-based analysis | Constitutional values |
| Service Delivery | Efficiency standards | Equity considerations |
| Policy Implementation | Technical expertise | Cultural adaptation |
| Crisis Management | Standard protocols | National priority |

The **Mission Karmayogi** initiative exemplifies this synthesis by enhancing professional competencies while strengthening commitment to national service through role-based training and competency frameworks.

This unique combination enables civil servants to effectively serve as instruments of **transformative governance** while remaining anchored to India's constitutional vision and national aspirations."
10,Do you think that globalization results in only an aggressive consumer culture? Justify your answer.,10,GS 1,Indian Society,2025,"India's e-retail market reaching **US$60 billion in 2024** exemplifies globalization's profound impact. However, globalization extends far beyond creating aggressive consumer culture, encompassing diverse socio-economic transformations.

## Globalization and Aggressive Consumer Culture

- **Materialistic Consumption Patterns**:
  - Rise of **fast fashion** and disposable culture leading to environmental degradation.
  - Increased debt levels due to **easy credit availability** and EMI culture.
  - Homogenization of consumption preferences erasing local distinctiveness.
  - **Brand consciousness** replacing value-based purchasing decisions.
  - Growth of luxury markets targeting aspirational consumers.

- **Cultural Commodification**:
  - Traditional festivals becoming commercial opportunities. Ex: Valentine's Day commercialization.
  - Local crafts mass-produced losing authentic cultural significance.
  - **Social media influence** driving unnecessary consumption patterns.
  - Western lifestyle adoption without cultural context. Ex: Black Friday.
  - Loss of traditional values emphasizing sustainability and frugality.

## Globalization Also Has Positive Socio-Economic Outcomes

- **Economic Empowerment and Innovation**:
  - **FDI inflows of $81.04 billion in 2024-25** creating employment opportunities.
  - Technology transfer improving productivity and competitiveness.
  - E-commerce and global start-up ecosystems have democratized access to entrepreneurship.
  - Export opportunities for local businesses through **global supply chains**.
  - Growth of **ethical and responsible consumerism** (e.g., demand for eco-friendly products).

- **Cultural Exchange and Preservation**:
  - **Yoga's global popularity** showcasing Indian cultural exports.
  - International recognition of Indian cuisine and cinema.
  - Cross-cultural learning and tolerance promotion.
  - **GI tag initiatives** protecting and promoting local products globally.
  - Tourism growth preserving heritage sites and traditions.

- **Knowledge and Healthcare Access**:
  - Global collaboration in **COVID-19 vaccine development** and distribution.
  - Educational partnerships improving learning outcomes.
  - **Telemedicine** and healthcare technology access.
  - Research and innovation in renewable energy sectors.
  - International cooperation in climate change mitigation.

Globalization's impact transcends consumer culture, fostering **economic integration, cultural exchange, and sustainable development**. Strategic policy implementation through initiatives like **Atmanirbhar Bharat** can harness globalization's benefits while preserving cultural identity."
11,Mahatma Jotirao Phule’s writings and efforts of social reforms touched issues of almost all subaltern classes. Discuss.,15,GS 1,Modern History,2025,"Jyotirao Govindrao Phule (1827–1890), known as Mahatma Phule, was India’s first comprehensive **subaltern rights advocate**. Recent celebrations of his 197th birth anniversary (2024) highlight his enduring relevance in shaping the discourse on equality, education, and social justice.

## 1. Advocacy for Women’s Rights

* Established the first girls’ school in Pune (1848) with Savitribai Phule, braving intense social backlash.
* Wrote *Tritiya Ratna*, which challenged patriarchy and argued for women’s property rights.
* Created the *Balhatya Pratibandhak Griha* (infanticide prevention home) and promoted widow remarriage while opposing child marriage.
* Encouraged women’s participation in agriculture and small industries and advocated for women’s voting rights decades before the independence movement.

## 2. Championing Dalit Liberation

* In *Gulamgiri* (1873), exposed caste-based exploitation and Brahmanical dominance.
* Opened 18 schools for untouchables, personally teaching despite severe social boycotts.
* Founded the *Satyashodhak Samaj* to promote casteless worship and rational thought.
* Reinterpreted history, presenting Dalits as *Bhumiputras*, the original inhabitants displaced by Aryan invaders.
* Popularised the term “Dalit,” fostering pride in non-Brahmin identity.

## 3. Peasant Rights Advocacy

* Criticised exploitative revenue settlements and the *khoti system* that favoured landlords.
* Demanded fair irrigation policies and relief against predatory moneylenders.
* Advocated land reforms, farmer ownership rights, and scientific farming practices for better productivity.

## 4. Working-Class Support

* Supported mill workers in the Bombay textile industry during early industrialisation.
* Established vocational training centres for artisans and craftsmen.
* Demanded fair wages and encouraged collective bargaining and cooperatives.

## 5. Education and Rationalism as Tools of Liberation

* Opened schools and night classes for marginalised groups, seeing education as the strongest weapon against oppression.
* Advocated rational thinking and interfaith harmony, rejecting oppressive religious rituals.

Phule’s **intersectional approach** uplifted Dalits, women, peasants, and workers, making his reforms inclusive and transformative. His ideas influenced future movements and even shaped constitutional mandates such as **Article 46**, which promotes the educational advancement of weaker sections. His legacy continues to inspire India’s journey toward an egalitarian and just society."
12,"Trace India’s consolidation process during early phase of independence in terms of polity, economy, education and international relations.",15,GS 1,Post- Independence,2025,"India’s early years after independence (1947–1964) were marked by the urgent task of unifying a diverse nation and laying the groundwork for a stable democracy. 

Guided by leaders like **Nehru** and **Patel**, the country pursued a vision of inclusive governance, planned economic development, educational expansion, and a balanced foreign policy.

## Political Consolidation During Early Independence

* **Integration of Princely States**: **Sardar Patel's** diplomacy integrated **565 princely states**, with decisive interventions in **Hyderabad (Operation Polo, 1948)** and **Junagadh**, ensuring territorial unity.
* **Constitutional Framework**: The **1950 Constitution** established India as a sovereign, democratic republic with universal franchise and a unified legal structure.
* **Administrative Unification**: Creation of **All India Services** maintained administrative continuity and promoted national integration.
* **Language Integration**: The **Official Languages Act (1963)** balanced Hindi promotion with protections for regional languages.
* **Reorganization of States**: The **States Reorganization Act (1956)** reorganized boundaries on linguistic lines to reduce regional tensions.

## Economic Consolidation in Post-Independence India

* **Planning Commission (1950)**: Initiated centralized planning with the **First Five-Year Plan (1951–56)** focused on agriculture, and the **Second Plan (1956–61)** emphasizing industrialization through the Mahalanobis model.
* **Industrial Policy Resolution (1948)**: Created a **mixed economy**, with the public sector dominating steel, coal, and railways.
* **Infrastructure Development**: Projects like **Bhakra Nangal Dam** and **Damodar Valley Corporation** showcased state-led growth in energy and irrigation.
* **Financial Integration**: The **Reserve Bank of India** unified monetary systems across former princely states and provinces.

## Educational Reforms in Early Independence

| Sector                  | Growth (1947–1955) | Key Initiatives                  |
| ----------------------- | ------------------ | -------------------------------- |
| Secondary Schools       | 4-fold increase    | Expansion into rural areas       |
| Rural Institutions      | 3-fold increase    | Focus on community development   |
| Educational Expenditure | 6-fold increase    | Demonstrated government priority |

* **University Education Commission (1948–49)** led by **Dr. S. Radhakrishnan** restructured higher education.
* **Technical Education**: Establishment of **IIT Kharagpur (1951)**, followed by other IITs, ensured technological self-reliance.
* **Professional Institutions**: Founding of **AIIMS (1956)** and **IIM Calcutta (1961)** built a skilled workforce.

## International Relations Framework

* **Non-Aligned Movement**: Leadership at the **Bandung Conference (1955)** cemented India’s independent foreign policy.
* **Panchsheel Principles (1954)**: Advocated peaceful coexistence and mutual respect with China.
* **UN Engagement**: Active in **Korean War mediation** and **Congo operations**, enhancing global credibility.
* **Strategic Balancing**: Maintained **Commonwealth membership** while fostering ties with both **USSR and USA**.

India’s early consolidation created robust frameworks that have matured over decades. In 2025, India became the **4th largest global economy**, driven by domestic reforms and strategic global positioning under the vision of **Aatmanirbhar Bharat**. 

Its strong democratic foundation, technological prowess, and leadership in forums like **G20, BRICS, and QUAD** are a testament to the enduring legacy of the post-independence consolidation phase.
"
13,The French Revolution has enduring relevance to the contemporary world. Explain.,15,GS 1,World History,2025,"The French Revolution (1789–1799) was a watershed moment that radically transformed ideas of governance, citizenship, and social order. Its enduring influence is visible in democratic governance, codified legal systems, human rights charters, and movements for social justice and equality.

## Political and Governance Influence

* Ended centuries of monarchical rule and established the concept of popular sovereignty, where power rests with the people.
* Laid the foundation for modern republics and parliamentary democracies in nations such as India, the United States, and South Africa.
* Established the principle that governments derive their legitimacy from the consent of the governed, now a global norm.
* Inspired modern constitutions, including India’s Constitution (1950) and the United Nations Charter, embedding the principles of liberty, equality, and fraternity as cornerstones of governance.

## Legal and Institutional Impact

* Creation of the **Napoleonic Code (1804)** as a unified legal system that established equality before the law.
* Guaranteed civil rights such as property ownership and contractual freedom.
* Influenced legal systems in more than 70 countries, from Europe and Latin America to parts of Africa and Asia.
* Emphasized fairness, uniformity, and accessibility, principles that remain central to modern legal frameworks worldwide.

## Social and Economic Reflections

* Abolished feudal privileges, allowing pathways for meritocracy and social mobility.
* Established the separation of church and state, influencing secular democracies like France, India, and Turkey.
* Introduced ideas that limited religious authority in governance, laying the foundation for modern secular policies.
* Early feminist voices such as **Olympe de Gouges** advocated gender equality, inspiring modern movements for women’s rights in education, employment, and politics.&#x20;
* The Revolution also abolished feudal privileges and opened pathways for meritocracy and social mobility.&#x20;
* The separation of church and state, now a hallmark of secular democracies like France, India, and Turkey, can be traced to revolutionary reforms that limited religious authority in governance.

## Global Impact and Contemporary Relevance

* Fueled nationalist movements across Europe, Latin America, and colonized Asia and Africa, leading to the emergence of modern nation-states.
* Inspired concepts of universal human rights and constitutional government that influenced documents like the **Universal Declaration of Human Rights (1948)**.
* Guided the work of international bodies such as the **United Nations Human Rights Council (UNHRC)**.
* Echoed in contemporary global movements such as the Arab Spring, Black Lives Matter, and climate justice campaigns, which demand liberty, equality, and accountability in governance.

From democratic governance and codified legal protections to secularism and global social movements, its legacy continues to shape how nations define justice, equality, and human rights. 

The motto *liberty, equality, fraternity* remains a universal aspiration, making the French Revolution as relevant today as it was more than two centuries ago."
14,Give a geographical explanation of the distribution of off-shore oil reserves of the world. How are they different from the on-shore occurrences of oil reserves?,15,GS 1,World Geography,2025,"Onshore oil reserves are those found on land, such as the Cambay Basin and Assam fields in India, while offshore oil reserves lie beneath the seabed, like the Mumbai High and KG-D6 basins. As onshore fields mature and deplete, offshore reserves are increasingly important for meeting global and national energy demands.

## Distribution of Offshore Oil Reserves

* **Middle East and Persian Gulf**: Major offshore reserves in the Persian Gulf, particularly in Saudi Arabia, Iran, Iraq, Qatar, and UAE, contribute significantly to global oil production.
* **North Sea**: Offshore fields in the UK and Norway are among the most developed in Europe.
* **Gulf of Mexico**: The US and Mexico have extensive offshore drilling operations, with deep-water reserves playing a major role in energy supply.
* **West Africa**: Countries like Nigeria, Angola, and Ghana have large offshore reserves that are increasingly important in global oil markets.
* **Brazil and South America**: Brazil’s deep-water pre-salt reserves are among the largest offshore discoveries in recent decades.
* **Asia-Pacific**: Offshore reserves in Malaysia, Indonesia, China’s Bohai Bay, and Australia are critical regional sources.

![World Oil Reserves](https://d1xzxglpo1zn8i.cloudfront.net/web/model-answer-images/oil-reserve.jpg)

## Differences Between Offshore and Onshore Oil Reserves&#x20;

| Aspect                       | Offshore Reserves                                                           | Onshore Reserves                                              |
| ---------------------------- | --------------------------------------------------------------------------- | ------------------------------------------------------------- |
| **Geological Formation**     | Found in younger sedimentary basins under oceans                            | Found in older, more explored continental basins              |
| **Exploration & Technology** | Requires advanced technology such as floating rigs and deep-water drilling  | Requires relatively simpler and less expensive technology     |
| **Cost & Risk**              | High costs and risks due to complex environments, storms, and spill hazards | Lower costs and relatively lower risks                        |
| **Production Scale**         | Often yields higher volumes from larger, untapped fields                    | Typically smaller or more mature fields with declining yields |
| **Environmental Concerns**   | Greater risk to marine ecosystems and coastal environments                  | Risks are generally more localized to terrestrial ecosystems  |

Offshore oil reserves have become increasingly significant as onshore reserves mature. For example, the North Sea fields in the UK and Norway or Brazil’s pre-salt basins now account for major portions of their national output. 

Advances in technology, such as ultra-deepwater drilling used in the Gulf of Mexico and automated platforms in Qatar, have enabled deeper and more efficient exploration, reshaping global energy distribution while also raising critical economic and environmental considerations.
"
15,How can Artificial Intelligence (AI) and drones be effectively used along with GIS and RS techniques in locational and areal planning?,15,GS 1,World Geography,2025,"AI, drones, GIS, and RS techniques have transformed locational and areal planning into precise, data-driven systems. They allow planners to collect real-time data, analyze spatial patterns, and make better, faster decisions. 

Projects like the **Survey of India’s SVAMITVA initiative**, which mapped **6.62 lakh villages**, demonstrate the power of these technologies in improving land management and planning.

## AI and Drones in Locational Planning

| **Technology**        | **Application**                     | **Accuracy**      | **Coverage**           | **Key Uses**                                                           |
| --------------------- | ----------------------------------- | ----------------- | ---------------------- | ---------------------------------------------------------------------- |
| **AI-powered drones** | Site selection and terrain analysis | 1–5 cm precision  | 10,000 sq km/week      | Automated site selection, real-time adjustments for projects           |
| **Machine learning**  | Land suitability and zoning mapping | \~95% accuracy    | State-level coverage   | Predictive modeling, risk assessment, and urban growth projections     |
| **Computer vision**   | Infrastructure and asset monitoring | Real-time updates | City-wide surveillance | Infrastructure optimization, hazard mapping, and quick decision-making |

## AI and Drones in Areal Planning

* **Land Use Classification:** Maharashtra’s AI-based crop mapping achieved **92% accuracy** across 3.07 lakh hectares, improving crop pattern optimization and precision farming strategies.
* **Urban Growth Modeling:** Bengaluru’s AI-GIS system predicts urban sprawl with **85% precision**, enabling proactive zoning and sustainable urban design.
* **Resource Distribution:** Automated analysis helps governments identify underserved areas, ensuring equitable allocation of public services and utilities.
* **Environmental Impact Monitoring:** Drones and AI regularly track changes in vegetation cover, water quality, and air pollution to inform climate adaptation policies.
* **Disaster Management:** Uttarakhand integrates drones and GIS to monitor **13,000 sq km** of landslide-prone zones, supporting early warning systems and efficient relief planning.
* **Biodiversity Planning:** High-resolution imagery and AI-based analytics identify habitat loss and monitor wildlife corridors for conservation strategies.

## Implementation Examples

* **Smart Cities Mission:** Surat uses AI-drone integration for traffic management and urban design.
* **Agricultural Planning:** Punjab’s soil health mapping project covers **5.03 million hectares**.
* **Forest Management:** Odisha uses AI-powered systems to track **37% of its forest cover** for conservation.
* **Mining Surveillance:** Chhattisgarh employs drones and AI to monitor and curb illegal mining.

The integration of **AI, drones, GIS, and RS** has created a comprehensive ecosystem for spatial planning, ensuring accuracy, efficiency, and sustainability. 

Backed by policies like the **National Geospatial Policy 2022** and initiatives under **Digital India**, these technologies are redefining how locational and areal planning drive smarter, more resilient, and sustainable development across sectors."
16,Discuss how the changes in shape and sizes of continents and ocean basins take place due to tectonic movements of the crustal masses.,15,GS 1,Physical Geography,2025,"Recent **GPS measurements** show the Himalayas rising 5mm annually. **Plate tectonic theory** explains how crustal mass movements continuously reshape Earth's continents and ocean basins over geological time.

## Tectonic Movements Affecting Continental Shape and Size 
![Tectonic Plate Movements](https://d1xzxglpo1zn8i.cloudfront.net/web/model-answer-images/Shape+of+Continents+changed+overtime+due+to+Tectonic+Plat+Movement.jpg)

### Divergent Boundaries - Continental Separation
- **Continental Rifting**: Crust stretches and breaks, creating rift valleys and new oceans. **Example:** East African Rift System stretching **6,000 km** from Red Sea to Mozambique, creating new oceanic basins
- **Seafloor Spreading**: At mid-ocean ridges (e.g., Mid-Atlantic Ridge), new crust forms, pushing continents apart. **Example:** Mid-Atlantic Ridge expanding at **2.5 cm/year**, separating Americas from Europe-Africa
- **Basin Formation**: Red Sea formed **30 million years ago** through Arabian Peninsula separation from Africa
- **Crustal Thinning**: Creates rift valleys like **Lake Baikal** (world's deepest freshwater lake)
- **New Ocean Creation**: Atlantic Ocean formation through **Pangaea breakup** 175 million years ago

### Convergent Boundaries - Continental Collision and Growth  
- **Mountain Building**: Collision of continental plates deforms landmasses causing rise of mountains. Himalayas formed through **Indo-Australian plate collision** with Eurasian plate 50 million years ago
- **Continental Accretion**: Western North America growth through **terranes addition** from Pacific Ocean
- **Crustal Thickening**: Tibetan Plateau elevation increase to **4,500m average** through compression
- **Subduction Effects**: Oceanic plates subduct beneath continental plates, shrinking ocean basins.**Example:** Andes Mountains formation through **Nazca Plate subduction** beneath South American Plate
- **Volcanic Addition**: Japan's land area expansion through **volcanic island arc** formation

![Divergent and Convergent Plates](https://d1xzxglpo1zn8i.cloudfront.net/web/model-answer-images/Divergent+and+Convergent+Plates.jpg)

## Tectonic Movements Affecting Ocean Basin Configuration

| **Process** | **Effect** | **Example** | **Rate** |
|-------------|------------|-------------|----------|
| Seafloor Spreading | Basin Expansion | Atlantic Ocean | 2-10 cm/year |
| Subduction | Basin Reduction | Pacific Ring of Fire | 5-15 cm/year |
| Transform Faulting | Lateral Movement | San Andreas Fault | 3-5 cm/year |

### Ocean Basin Evolution
- **Basin Creation**: Arctic Ocean formation through **Eurasian-North American** plate separation
- **Deep Trench Formation**: Mariana Trench (**11,034m deep**) through Pacific Plate subduction
- **Basin Closure**: Mediterranean Sea shrinking through **African-Eurasian** plate convergence
- **Sediment Accumulation**: Bay of Bengal depth reduction through **Ganges-Brahmaputra** delta deposition
- **Volcanic Island Formation**: Hawaiian Islands through **Pacific Plate movement** over hotspot

Modern **satellite geodesy** and **GPS technology** confirm these ongoing processes, demonstrating Earth's dynamic nature through initiatives like India's **National Centre for Seismology** monitoring system."
17,"Discuss the distribution and density of population in the Ganga River Basin with special reference to land, soil and water resources.",15,GS 1,Indian Geography,2025,"Recent census projections indicate the **Ganga River Basin hosts over 600 million people**, making it the world's most **densely populated river basin** with complex resource-dependent settlement patterns.

## **Distribution Pattern in the Ganga River Basin**

**Spatial Variation:**
- **Upper Basin (Uttarakhand)**: 189 persons/km² due to mountainous terrain
- **Middle Basin (UP, Bihar)**: 800-1,200 persons/km² in fertile doab regions
- **Lower Basin (West Bengal)**: Over 1,000 persons/km² in deltaic areas
- **Linear settlements** along riverbanks and major tributaries
- **Clustered patterns** around cities like Kanpur, Allahabad, Patna, and Kolkata

## **Density Distribution in the Ganga River Basin**

| Region | Density (per km²) | Key States | Primary Factors |
|--------|------------------|------------|-----------------|
| Upper Basin | 150-300 | Uttarakhand | Limited arable land, terrain |
| Middle Basin | 600-1,200 | UP, Bihar | Fertile alluvium, irrigation |
| Lower Basin | 900-1,500 | West Bengal | Deltaic fertility, water access |

## **Land Resources and Population**

**Agricultural Land Impact:**
- **83% of basin area** under cultivation supporting dense rural population
- **Doab regions** between Ganga-Yamuna showing highest concentration
- **Land fragmentation**: Average holding size 1.08 hectares affecting settlement density
- Recent **PM-KISAN scheme** covering 11 crore farmers reflects agricultural dependency
- **Urban expansion**: Cities like Ghaziabad, Noida showing rapid population growth

## **Soil Resources Influence**

**Soil-Population Correlation:**
- **Alluvial soils** covering 70% basin area supporting 80% population
- **Newer alluvium (Khadar)**: Higher productivity, denser settlements
- **Older alluvium (Bhangar)**: Moderate fertility, scattered population
- **Soil Health Card** implementation in 2.4 crore hectares improving productivity
- **Saline-alkaline patches** in western UP showing lower population density

## **Water Resources Impact**

**Water Availability Pattern:**
- **Annual flow 525 billion cubic meters** sustaining high population density
- **Monsoon dependency**: 80% flow during June-October affecting seasonal migration
- **Groundwater depletion**: Punjab, Haryana showing declining water tables
- **Jal Jeevan Mission**: 9.6 crore rural households connected improving habitability
- **Industrial water demand**: 62 billion cubic meters annually concentrating urban population

Sustainable development of the basin requires integrated resource management through initiatives like **Namami Gange** and **National River Conservation Plan** to balance population pressure with resource conservation."
18,How do you account for the growing fast food industries given that there are increased health concerns in modern society? Illustrate your answer with the Indian experience.,15,GS 1,Indian Society,2025,"With India's fast-food market projected to reach **$27.39 billion by 2020**, this growth paradoxically coincides with rising obesity rates affecting **135 million Indians**.

## Factors Driving Fast Food Industry Growth

### Economic and Lifestyle Drivers
- **Rising disposable income** in urban areas increasing spending on convenience foods
- **Time-poor lifestyles** of working professionals creating demand for quick meals
- **Nuclear family structure** reducing home cooking frequency
- **Youth demographic dividend** with 65% population under 35 preferring western cuisine
- **Urbanization rate of 35%** creating dense consumer markets for quick service

### Industry Adaptations and Innovations
- **Digital penetration** through Zomato, Swiggy achieving 70% market share in food delivery
- **Localization strategies** like McDonald's **Maharaja Mac** and KFC's **Krushers** targeting Indian palates
- **Affordable pricing models** with value meals starting at ₹99
- **Expansion into Tier-2/3 cities** like Domino's presence in 300+ cities
- **Cloud kitchens** reducing operational costs by 40-50%

## Health Concerns and Regulatory Response

### Rising Health Issues
- **Childhood obesity** increased by 30% during 2019-2023 period
- **Type 2 diabetes** affecting 77 million Indians, linked to processed food consumption
- **Cardiovascular diseases** causing 28% of total deaths in India
- **Micronutrient deficiencies** despite caloric surplus from fast foods
- **Rise of NCDs** – WHO: 61% of deaths in India from NCDs; fast food rich in trans-fats, sodium, and sugars.
- **Changing Food Habits** – Traditional grains (millets, pulses) replaced by burgers, pizzas, aerated drinks.
- **Addictive Nature** – High sugar, salt, fat combinations create addictive food habits, especially among teens.
- **Healthcare Burden** – India projected to have 80 million diabetics by 2030 (IDF), linked to diet changes.


## Indian Experiences

- **Rapid Expansion** – Domino’s has 1,800+ outlets, India is McDonald’s 2nd largest market in Asia.
- **Local Brands Competing** – Haldiram’s, Bikanervala, Wow! Momo adapt traditional snacks into fast-food formats.
- **Digital Ordering** – Zomato/Swiggy deliver 3+ million orders daily (2023), even in small towns.
- **Policy Measures** – FSSAI mandated calorie labelling and banned sale of HFSS (high fat, salt, sugar) foods near schools.
- **Health Campaigns** – “Eat Right India” promotes low-salt, low-sugar diets; Delhi HC upheld junk food ban near schools.
- **Consumer Trends** – Growing demand for “healthier fast foods” (Subway, millet-based pizzas, protein bowls).


## Government and Industry Initiatives
- **FSSAI regulations** mandating calorie display since 2022
- **High Fat, Sugar, Salt (HFSS) labeling** implemented in 2023
- **Corporate wellness programs** by major chains promoting healthier options
- **Fortification mandates** for wheat flour and cooking oil

The fast-food industry's resilience stems from successfully balancing convenience with evolving health consciousness through **menu diversification** and **nutritional transparency**, supported by India's **Digital India** initiative facilitating seamless food delivery ecosystems."
19,Achieving sustainable growth with emphasis on environmental protection could come into conflict with poor people’s needs in a country like India – Comment.,15,GS 1,Indian Society,2025,"India’s developmental challenge lies in balancing **environmental protection** with **the immediate survival** needs of the poor. While sustainability is essential for long-term prosperity, policies may sometimes appear to restrict the poor’s access to resources, creating a conflict between **ecology and livelihood security**.


## **Conflicts Between Environmental Protection and Poor People's Needs**

### **Resource Access Restrictions**
- **Forest-dependent communities** lose access to traditional resources affecting 275 million people
- **Fishing restrictions** in marine protected areas impact coastal communities' livelihoods
- **Mining bans** in ecologically sensitive areas affect tribal employment in states like **Odisha and Jharkhand**
- **Water usage regulations** limiting agricultural practices of small farmers

### **Employment and Economic Impacts**
- **Textile industry** closures due to pollution norms affecting 12 million workers
- **Brick kilns** shutdown impacting migrant laborers in **Delhi-NCR**
- **Small-scale industries** unable to afford pollution control equipment
- **Construction sector** restrictions affecting daily wage earners

## **Environmental Protection Supporting Poverty Alleviation**

### **Green Employment Generation**
- **MGNREGA 2.0** creating 2.7 crore person-days through water conservation and afforestation
- **National Clean Air Programme** generating 15 lakh jobs in clean technology sector
- **Swachh Bharat Mission** employing 50 lakh sanitation workers
- **Solar sector** creating 1 million jobs under **National Solar Mission**

### **Sustainable Livelihood Models**
- **PM-KUSUM scheme** benefiting 17.5 lakh farmers with solar irrigation
- **Joint Forest Management** covering 1.18 lakh committees nationwide
- **Organic farming initiatives** increasing farmer incomes by 20-30%
- **Eco-tourism projects** in **Kerala backwaters** and **Rajasthan** creating rural employment

## **Way Forward: Integrated Solutions**

- **Inclusive Green Policies** – Subsidised solar pumps, clean cooking fuels, and low-cost housing.
- **Participatory Conservation** – Empowering local communities in decision-making on forests, water, and commons.
- **Technology & Innovation** – Affordable EVs, decentralized renewable energy for villages.
- **Targeted Compensation** – Social security nets for displaced communities due to environmental restrictions.
- **Best Practices** –
    * **Costa Rica’s PES (Payment for Ecosystem Services) model** compensates locals for conservation.
    * **China’s Green Poverty Alleviation Program** links eco-restoration with jobs.
    * India’s **MGNREGS** used for water conservation and afforestation.


India's success in balancing this trilemma requires **inclusive green growth** strategies, exemplified by **Kudumbashree Kerala's** integration of environmental conservation with women's livelihood programs."
20,"Does tribal development in India centre around two axes, those of displacement and of rehabilitation? Give your opinion.",15,GS 1,Indian Society,2025,"Recent data shows **60 million people** displaced since independence, with **40% being tribals**, highlighting how displacement-rehabilitation axis dominates India's tribal development discourse.

## Displacement as a Central Axis

**Development-Induced Displacement:**
- **Mining Projects**: Odisha's **Niyamgiri Hills** (Vedanta), Jharkhand's **coal mining** displacing over **2.55 lakh tribals** annually
- **Dam Construction**: **Sardar Sarovar Project** displaced **40,000 tribal families**; **Polavaram Project** affecting **2.75 lakh** people
- **Industrial Corridors**: **Delhi-Mumbai Industrial Corridor** impacting tribal lands across **6 states**
- **Forest Conservation**: **Project Tiger** and **Protected Areas** leading to eviction of forest-dwelling tribes
- **Infrastructure Projects**: **Dedicated Freight Corridors** and **highway expansion** through tribal heartlands

## Rehabilitation as Corrective Response

**Policy Framework & Implementation:**
- **Forest Rights Act 2006**: **1.8 crore claims** filed, only **54% approved** indicating gaps in rehabilitation
- **PESA Act 1996**: Gram Sabha powers for natural resource management in **Fifth Schedule areas**
- **PM-JANMAN Scheme 2023**: ₹**15,000 crore** for **75 PVTG groups** across **18 states**
- **Land Acquisition Act 2013**: Mandatory **80% consent** and **R&R package** for affected families
- **Tribal Sub-Plan**: **8.6%** of total budget allocation for tribal development

## Beyond the Displacement-Rehabilitation Framework

| **Development Dimension** | **Key Initiatives** | **Impact/Coverage** |
|---------------------------|-------------------|-------------------|
| **Education** | Eklavya Model Schools | **740 schools** sanctioned |
| **Health** | Tribal Health Mission | **18,000 health facilities** |
| **Livelihood** | Van Dhan Vikas Yojana | **3,000 SHGs** formed |
| **Digital Inclusion** | PM-WANI in tribal areas | **5,000 hotspots** planned |

**Emerging Paradigms:**
- **Community-Led Development**: **Nagaland's** village councils managing development funds autonomously
- **Eco-Tourism Models**: **Kerala's** Wayanad tribes benefiting from sustainable tourism
- **Traditional Knowledge Systems**: **CSIR's** collaboration with tribes for **medicinal plant conservation**
- **Skill Development**: **National Skill Development Mission** covering **50 tribal districts**
- **Financial Inclusion**: **Jan Dhan accounts** reaching **85%** tribal households

While displacement-rehabilitation remains significant, modern tribal development transcends this binary through **community participation**, **cultural preservation**, and **sustainable livelihoods**. The **Scheduled Tribes and Other Traditional Forest Dwellers Act** exemplifies this evolved approach toward inclusive development."
21,"Discuss the 'corrupt practices' for the purpose of the Representation of the People Act, 1951. Analyze whether the increase in the assets of the legislators and/or their associates, disproportionate to their known sources of income, would constitute 'undue influence' and consequently a corrupt practice.",10,GS 2,Indian Polity,2025,"The Representation of the People Act (RPA), 1951 lays down provisions to ensure free and fair elections in India. **Section 123** of the Act explicitly defines “corrupt practices” by candidates and their agents, which, if proved, can result in disqualification and even annulment of election results.

## Corrupt Practices under RPA, 1951

**Bribery (Section 123(1)):**
- Promotion of Enmity or Hatred among communities.
- Use of Government Machinery/Official Position for electoral gains.
- Includes indirect benefits like loan waivers targeting specific voter groups
- Publication of False Statements regarding candidates.
- Exceeding Prescribed Expenditure Limits.

**Undue Influence (Section 123(2)):**
- **Threats and intimidation** against voters or candidates
- Abuse of official position to influence electoral outcomes
- **West Bengal 2021**: Allegations of using police machinery to intimidate opposition voters

**Appeal to Religion/Caste (Section 123(3)):**
- Seeking votes based on religious or communal grounds
- **Uttar Pradesh 2022**: Multiple cases filed for divisive campaign speeches
- Includes hate speech targeting specific communities

**Publication of False Statements (Section 123(4)):**
- Spreading **fabricated information** about candidates' character or conduct
- Social media disinformation campaigns fall under this category
- **Tamil Nadu 2021**: Cases filed for morphed videos of candidates

**Booth Capturing (Section 123(8)):**
- Forcible occupation of polling stations
- Preventing legitimate voters from casting ballots

## Disproportionate Assets and Undue Influence Analysis

| Aspect | Current Legal Position | Challenges |
|--------|----------------------|------------|
| **Asset Declaration** | Mandatory affidavit filing | Limited verification mechanisms |
| **Disproportionate Assets** | Not explicitly covered under RPA | Falls under Prevention of Corruption Act |
| **Judicial Scrutiny** | Case-by-case evaluation | Lengthy legal processes |

**Legal Framework Gaps:**
- **Asset increase alone** doesn't constitute corrupt practice under RPA, 1951
- Requires proof of **direct electoral influence** through accumulated wealth
- **Prevention of Corruption Act, 1988** addresses disproportionate assets separately

**Judicial Precedents:**
- **Lily Thomas case (2013)**: Pertains to the Supreme Court of India’s judgment that invalidated Section 8(4) of the Representation of People Act. This provision allowed a three-month period for convicted legislators to appeal before disqualification.
- **Association for Democratic Reforms (2020)**: Emphasized transparency in asset declarations
- **Krishnamoorthy case (2015)**: Clarified that substantial asset increase needs direct electoral connection

**Emerging Challenges:**
- **Benami properties** and shell companies obscuring actual ownership
- **Cryptocurrency holdings** creating new disclosure complexities
- Cross-border investments complicating asset verification

Strengthening electoral integrity requires amendments linking disproportionate assets to undue influence. The **Election Commission's 2024 guidelines** on enhanced scrutiny represent progress toward comprehensive electoral reforms."
22,Comment on the need of administrative tribunals as compared to the court system. Assess the impact of the recent tribunal reforms through rationalization of tribunals made in 2021.,10,GS 2,Indian Polity,2025,"Administrative tribunals are specialized **quasi-judicial bodies** established under **Article 323-A and 323-B** of the Constitution to handle disputes relating to service, taxation, company law, environment, etc. They aim to reduce the burden on regular courts and provide speedy, expert, and cost-effective justice.

## Need for Administrative Tribunals vs Court System

**Specialized Expertise and Technical Knowledge**
- Tribunals possess domain-specific expertise for complex administrative matters
- **Central Administrative Tribunal** handles service disputes with specialized knowledge
- **National Company Law Tribunal** deals with corporate law complexities beyond general court competence
- **Armed Forces Tribunal** addresses unique military service conditions
- **Debt Recovery Tribunal** specializes in banking and financial recovery matters

**Speed and Efficiency in Justice Delivery**
- Simplified procedures ensure faster case disposal compared to regular courts
- **National Consumer Disputes Redressal Commission** achieved over 100% disposal rate in 10 states (2023)
- Average disposal time reduced from 3-5 years in courts to 6-12 months in tribunals
- **Income Tax Appellate Tribunal** disposes cases within 4 years on average
- Informal proceedings reduce procedural delays

**Cost-Effectiveness and Accessibility**
- Lower litigation costs make justice accessible to common citizens
- Reduced court fees and simplified documentation requirements
- **Article 39A** mandates equal justice and free legal aid implementation
- **Electricity Regulatory Commissions** provide affordable dispute resolution for consumers
- No mandatory legal representation reduces expenses

**Decongestion of Regular Courts**
- Top 5 central tribunals handled over **3.5 lakh cases** in 2022-23
- Reduced burden on High Courts and Supreme Court
- **National Green Tribunal** handled 20,000+ environmental cases since inception
- Specialized forums prevent regular court clogging
- **Railway Claims Tribunal** processes compensation claims efficiently

## Impact of Tribunal Reforms 2021

### Positive Impacts of Rationalization

**Structural Consolidation and Efficiency**
- Abolished 9 tribunals including **Film Certification Appellate Tribunal**
- Merged functions into existing bodies reducing administrative overlap
- **Customs, Excise and Service Tax Appellate Tribunal** integrated multiple tax disputes
- Streamlined reporting structure under respective ministries
- Reduced operational costs by ₹50 crores annually

**Enhanced Administrative Control**
- Uniform service conditions for tribunal members established
- Standardized qualification requirements across all tribunals
- Direct ministerial oversight ensuring policy alignment
- **Central Administrative Tribunal** reforms improved member selection process
- Better coordination between tribunals and parent ministries

### Challenges and Concerns

**Independence and Autonomy Issues**
- Executive control over appointments raises separation of powers concerns
- **Supreme Court** criticism in Madras Bar Association case (2021)
- Financial dependence on government affects functional autonomy
- Administrative control may compromise judicial independence
- Search-cum-selection committee effectiveness questioned

**Operational Difficulties**
- Massive vacancy rates in key tribunals (40% in **CAT** as of 2023)
- Jurisdictional confusion following tribunal abolitions
- **Intellectual Property Appellate Board** merger created case backlogs
- Infrastructure deficits in tier-2 and tier-3 cities
- Digital integration challenges in remote locations

Tribunals remain necessary for handling specialized disputes, but the 2021 reforms, while rationalizing structures, have raised issues of judicial independence and effective functioning. Strengthening autonomy and ensuring balance between expertise and accountability are key to making tribunals effective instruments of justice."
23,Compare and contrast the President's power to pardon in India and in the USA. Are there any limits to it in both the countries? What are preemptive pardons?,10,GS 2,Indian Polity,2025,"**In the recent past President Biden granted clemency to almost 1,500 people in 2024-25, highlighting the active use of pardoning powers globally.** The power to pardon is an essential facet of executive clemency, serving as a humanitarian check on the judiciary. In India, this power is vested in the President under **Article 72** of the Constitution, while in the USA, it is granted by Article II, Section 2 of the U.S. Constitution.

## President's Power to Pardon: India vs USA

| **Aspect** | **India** | **USA** |
|------------|-----------|---------|
| **Constitutional Basis** | Article 72 | Article II, Section 2 |
| **Scope** | Union laws, court-martial, death sentences | All federal offenses except impeachment |
| **Decision Process** | Acts on Council of Ministers' advice (Article 74) | Independent presidential discretion |
| **Judicial Review** | Extensive (mala fide, arbitrary decisions) | Limited (Ex Parte Garland case) |

## Constitutional Framework and Scope

**Indian Context**:
- **Article 72** empowers President for Union law offenses and death sentences
- Federal structure limits scope - state offenses under Governor's jurisdiction
- **Binding ministerial advice** ensures collective responsibility
- Cannot pardon impeachment cases or state-level crimes
- Recent example: **Perarivalan's release** in Rajiv Gandhi assassination case (2022)

**US Context**:
- Broad federal jurisdiction covering all federal crimes
- **Unilateral presidential authority** without cabinet consultation
- Historical precedent since **George Washington's Whiskey Rebellion pardons**
- Cannot override state convictions or congressional impeachment
- **Trump's 237 pardons** during final days demonstrated extensive use

## Limits to Pardoning Power

**Indian Limitations**:
- **Judicial review** for arbitrary or discriminatory decisions
- **Maru Ram v. Union of India** established review parameters
- Cannot violate **fundamental rights** or constitutional principles
- Subject to **Article 14** equality provisions
- **Kehar Singh v. Union of India** upheld death sentence despite mercy petition

**US Limitations**:
- **State-federal divide** prevents interference in state crimes
- Cannot pardon **impeachment proceedings**
- **Ex Parte Garland** limited judicial interference
- Political accountability through congressional oversight
- **Ford-Nixon precedent** established constitutional boundaries

## Preemptive Pardons

A preemptive pardon is the issuance of a pardon to someone who has not yet been charged with or convicted of a crime, but who is seen as a potential target of legal or political retribution. It serves as a protective measure to prevent future prosecution or punishment for actions that could be the subject of future investigations, typically from an incoming political administration or other adversaries. There is no such concept as a preemptive pardon under the Indian Constitution or laws. 

**Application:**
- **Ford's Nixon pardon (1974)** prevented prosecution entirely
- **Carter's Vietnam draft dodgers amnesty** covered thousands preemptively
- **Biden's recent considerations** for potential Trump prosecutions

**Indian Position**:
- **No explicit constitutional provision** for preemptive pardons
- Traditional **post-conviction clemency model**
- **Supreme Court precedents** focus on completed judicial processes
- **Pending cases** typically await trial completion

While both systems recognize clemency as a constitutional necessity, India’s model is guided and limited by ministerial advice and judicial review, ensuring accountability, whereas the U.S. President enjoys a wider, discretionary, and politically significant pardon power, including preemptive pardons."
24,"Discuss the nature of Jammu and Kashmir Legislative Assembly after the Jammu and Kashmir Reorganization Act, 2019. Briefly describe the powers and functions of the Assembly of the Union Territory of Jammu and Kashmir.",10,GS 2,Indian Polity,2025,"The **Jammu and Kashmir Reorganization Act, 2019** transformed the state into a Union Territory with legislature, creating a unique constitutional entity following Article 370's abrogation.This marked a fundamental change in the political and constitutional status of the region.

## **Nature of Jammu and Kashmir Legislative Assembly**

**Constitutional Status:**
- Like Puducherry, J&K’s Assembly is governed by Article 239A, while Delhi operates under a distinct Article 239AA with a more complex power-sharing framework between the LG and the government.
- Operates under the direct supervision of the **Lieutenant Governor** appointed by the President
- Follows **unicameral structure**, unlike the earlier bicameral system of the erstwhile state
- Subject to **Parliamentary oversight** through Union Home Ministry
- Governed by specific provisions of the **Jammu and Kashmir Reorganization Act, 2019**


## **Powers and Functions of the Assembly**

**Legislative Powers:**
- Authority to make laws on **State List subjects** except public order, police, and land revenue
- Can legislate on **Concurrent List matters** subject to Parliamentary supremacy
- **Limited jurisdiction** over All India Services and anti-terrorism operations
- Power to amend existing J&K laws in conformity with Union legislation
- Cannot override **central laws** on reserved subjects

| **Subject Matter** | **Assembly Powers** | **Central Control** |
|-------------------|-------------------|-------------------|
| Education, Health | Full legislative power | Policy guidelines |
| Police, Public Order | No legislative power | Complete central control |
| Land Revenue | Limited power | Lieutenant Governor approval |
| Local Government | Full power | Constitutional framework |

**Financial Powers:**
- Discusses and approves **annual budget** with Lieutenant Governor's concurrence
- Requires **prior recommendation** of Lieutenant Governor for money bills
- Establishes **Consolidated Fund** for the Union Territory
- **No borrowing powers** without central government approval
- Controls expenditure through budgetary allocations (₹1.08 lakh crore in 2024-25)

**Executive Functions:**
- **Question Hour** and discussions to ensure government accountability
- Formation of **Parliamentary committees** for administrative oversight
- Power to pass **resolutions** on matters of public importance
- **No confidence motions** against the Council of Ministers
- Approval of **Lieutenant Governor's reports** to the President

The transformed Assembly represents a **hybrid federal structure**, balancing regional democratic participation with enhanced central oversight, ensuring integration while maintaining local representation through institutions like **District Development Councils** and **Panchayati Raj**"
25,"""The Attorney General of India plays a crucial role in guiding the legal framework of the Union Government and ensuring sound governance through legal counsel."" Discuss his responsibilities, rights and limitations in this regard.",10,GS 2,Indian Polity,2025,"The Attorney General of India (AGI), established under **Article 76** of the Constitution, is the highest law officer of the country. As the chief legal advisor to the Union Government, the AGI ensures that governance is conducted within the framework of the Constitution and the law.

## Responsibilities of Attorney General

**Advisory Functions:**
- Provides **legal advice** to the Government of India on constitutional and legal matters
- Assists in **drafting legislation** and reviewing policy frameworks for legal compliance
- Offers opinions on **international treaties** and bilateral agreements
- Guides government on **constitutional interpretation** in complex governance issues
- Reviews **ordinances** and executive decisions for constitutional validity

**Representation Duties:**
- Appears for the **Government of India** in all Supreme Court cases where the Union is a party
- Represents the government in **constitutional matters** and important legal proceedings
- Handles cases involving **public interest** and national security concerns
- Defends government policies in **judicial review** proceedings

## Rights of Attorney General

**Parliamentary Privileges:**
- **Right to speak** in both Houses of Parliament without voting rights
- Can participate in **joint sessions** and committee proceedings when invited
- Access to **parliamentary debates** and legislative discussions
- Right to **audience in all courts** throughout India

**Professional Rights:**
- Enjoys **precedence** and special status in court proceedings
- Can engage in **private practice** with government permission (though restricted against government interests)
- Entitled to **official residence** and security arrangements

## Limitations of Attorney General

**Professional Restrictions:**
- Cannot **advise against** the Government of India or hold brief against it
- Prohibited from taking cases that **conflict with government interests**
- Cannot practice in **subordinate courts** without special permission
- Restricted from **political activities** during tenure

**Tenure Limitations:**
- Holds office at the **pleasure of President**, lacking fixed tenure
- **Not a full-time** government counsel, unlike Solicitor General
- Cannot initiate **suo moto** legal proceedings independently

The Attorney General of India serves as a vital link between law and governance, ensuring that executive actions remain constitutionally valid. However, his effectiveness depends on balancing his role as a government advisor with the need for independence and integrity in upholding the rule of law."
26,Women's social capital complements in advancing empowerment and gender equity. Explain.,10,GS 2,Social Justice,2025,"Social capital refers to the networks, relationships, and norms of trust and cooperation that enable collective action. In the case of women, social capital built through community groups, SHGs, informal networks, and digital platforms, plays a vital complementary role in advancing their empowerment and promoting gender equity.

## How Women’s Social Capital Aids Empowerment

- **Access to Information and Awareness**
  - Women’s groups help disseminate knowledge about rights, schemes, health, education, and legal safeguards.
  - Peer learning encourages informed decision-making.
  - Example: **SHGs under DAY-NRLM** have improved women’s financial literacy in rural India.

- **Economic Empowerment**
  - Collective bargaining power in microfinance, entrepreneurship, and market linkages.
  - Pooling resources enables risk-sharing and access to credit.
  - Example: **Kudumbashree in Kerala** empowers women through micro-enterprise clusters.

- **Political and Civic Participation**
  - Women in collectives often step up to contest panchayat elections or lead local campaigns. Global Gender Gap Report noted **44.4% women's representation in local bodies** in India.
  - Builds confidence and visibility in public spaces.
  - Example: **Mahila Sabhas in Gram Panchayats** enable gender-sensitive governance.

- **Emotional and Social Support**
  - Peer networks help women navigate domestic challenges, violence, and mental stress.
  - Reduces isolation, especially in patriarchal setups.


## Promoting Gender Equity through Social Capital

- **Collective Voice Against Social Injustice**
  - Women’s collectives help challenge patriarchal norms, caste discrimination, and gender-based violence.
  - Example: **Mahila Samakhya Programme** enabled rural women’s sanghas to fight child marriage, dowry, and domestic violence across states like Bihar and Uttar Pradesh.

- **Fostering Gender-Equal Norms in Families**
  - Through collective learning and reflection, women influence family-level decisions—education for daughters, delayed marriage, health awareness.
  - Example: SHG-led discussions in **Tamil Nadu and Andhra Pradesh** have led to increased school enrollment of girls and improved maternal health practices.

- **Collective Bargaining for Equal Wages and Work Rights**
  - Women’s networks empower members to demand parity in pay, working conditions, and job security in informal and formal sectors.
  - Example: **SEWA (Gujarat)** led wage negotiations for women bidi workers and street vendors, achieving equal pay for equal work.

- **Access to Legal Rights and Gender Justice**
  - Networks provide legal awareness and aid, enabling women to claim rights in marriage, inheritance, and workplace equality.
  - Example: **Mission Shakti (Odisha)** SHGs supported women in filing for property rights and domestic violence complaints, upholding gender-just outcomes.

Women’s **social capital** is a powerful, often underrecognized force that complements formal efforts toward **empowerment and gender equity**. By strengthening community networks, trust, and collective agency, it transforms women from passive beneficiaries to **active changemakers**, contributing to a **more inclusive and just society**."
27,e-governance projects have a built-in bias towards technology and back-end integration than user-centric designs. Examine.,10,GS 2,Governance,2025,"E-governance aims to make government services **efficient, transparent, and accessible** using digital technologies. However, in India, many e-governance projects have been designed with a **technology-first approach**, often emphasizing **IT infrastructure and data integration** over the needs and ease-of-use for end users, especially citizens from marginalized sections.

## Built-in Technology Bias in e-Governance Projects

- **Backend Integration Priority**: Projects like **Income Tax e-filing portal** focus heavily on database synchronization and server architecture, often neglecting intuitive user interfaces and navigation simplicity.

- **Technical Specifications Over User Research**: **GSTN portal** initially prioritized complex tax calculations and compliance features without adequate user testing, leading to widespread complaints from businesses.

- **Infrastructure-Heavy Investments**: Majority of budgets allocated to **data centers**, cloud storage, and network connectivity rather than user experience design and accessibility features.

- **System-Centric Metrics**: Success measured through technical parameters like **uptime**, transaction volumes, and data processing speed rather than user satisfaction scores.

- **One-Size-Fits-All Design**: Platforms often lack local language support, accessibility features, or mobile optimization. Ignores diverse user contexts, especially for rural, elderly, or disabled citizens. Example: The **Bhoomi project (Karnataka)** initially failed to account for illiterate users, leading to dependence on middlemen.

## Evidence of User-Centric Design Neglect

- **Digital Divide Ignorance**: **CoWIN portal** initially lacked provisions for low-bandwidth areas and basic smartphones, excluding rural populations from vaccination registration.

- **Language Accessibility Issues**: **Ayushman Bharat portal** supports limited regional languages despite serving diverse linguistic populations across states.

- **Limited Citizen Feedback Loops**: Few systems include mechanisms for user testing, grievance feedback, or iterative design based on user experience. Tech vendors often drive design, not public needs. Example: Initial versions of **DigiLocker** had limited onboarding help, leading to underuse despite high potential.

- **Mobile Responsiveness**: Many government websites like **EPFO portal** remain poorly optimized for mobile devices despite 70% users accessing via smartphones.

- **Inadequate Support Systems**: Limited help desk functionality and user guidance features in platforms like **RTI online portal**.

Successful e-governance requires balancing technological robustness with user-centered design principles. The **Estonia model** demonstrates how citizen feedback integration can enhance digital service delivery effectiveness."
28,Civil Society Organizations are often perceived as being anti-State actors than non-State actors. Do you agree? Justify.,10,GS 2,Governance,2025,"Civil Society Organizations (CSOs) are non-State, voluntary groups that operate independently to promote social, economic, environmental, or political causes. Ideally, they function as non-State actors working with or alongside the government to ensure democratic accountability. However, recent **FCRA cancellations affecting over 6,000 NGOs in 2023** highlight the complex state-CSO relationship dynamics in India.

## **CSOs as Non-State Actors**

### **Complementary Governance Role:**
- **Service delivery partners**: Akshaya Patra Foundation serves 1.8 million children daily under Mid-Day Meal Scheme.
- **Policy implementation**: Self-Employed Women's Association (SEWA) facilitates financial inclusion through Jan Dhan Yojana.
- **Community mobilization**: Arya Samaj's role in Swachh Bharat Mission across rural Haryana.
- **Capacity building**: Pratham's collaboration with state governments for foundational literacy.
- **Social audit mechanisms**: Mazdoor Kisan Shakti Sangathan's transparency initiatives in MGNREGA.

### **Democratic Participation:**
- **Voter awareness**: Association for Democratic Reforms' election transparency efforts.
- **Grievance redressal**: Citizen forums supporting PM GrievCell portal.
- **Rights advocacy**: Legal aid societies working with National Legal Services Authority.
- **Research partnerships**: Centre for Policy Research's inputs to NITI Aayog policies.
- **Disaster response**: Goonj's coordination with NDMA during COVID-19 pandemic.

## **Perception as Anti-State Actors**

### **Regulatory Tensions:**
- **FCRA restrictions**: Oxfam India, Greenpeace losing licenses for environmental advocacy.
- **Sedition allegations**: Activists like Aruna Roy facing legal challenges for RTI campaigns.
- **Foreign funding scrutiny**: Christian missionaries' educational institutions under investigation.
- **Resource competition**: Conflicts over government contracts between CSOs and private agencies.
- **Ideological differences**: Environmental groups opposing mining projects in tribal areas.

### **Institutional Friction:**
- **Accountability demands**: CSOs questioning government expenditure through RTI applications.
- **Policy criticism**: Human rights organizations highlighting governance gaps in Kashmir.
- **International reporting**: Amnesty International's documentation affecting India's global image.
- **Court interventions**: PIL activism challenging government policies on pollution, displacement.
- **Media partnerships**: Investigative journalism collaborations exposing corruption scandals.

The perception of CSOs as anti-State emerges when criticism is mistaken for opposition. In truth, a **vibrant civil society** is essential for a robust democracy. Rather than viewing them as adversaries, the State should engage CSOs as **partners in development**, ensuring **transparency without hostility** and **accountability without suspicion**."
29,"India-Africa digital partnership is achieving mutual respect, co-development and long-term institutional partnerships. Elaborate.",10,GS 2,International Relations,2025,"India-Africa digital partnership gained momentum with the **2024 India-Africa ICT Expo**, demonstrating technological cooperation that prioritizes African sovereignty while fostering shared digital growth.

## Achieving Mutual Respect through Digital Cooperation

- **Demand-driven approach**: India avoids imposing solutions, instead responding to specific African needs like **Morocco's request for MOSIP digital identity system**.
- **Sovereignty preservation**: African nations retain control over their digital infrastructure while benefiting from Indian expertise.
- **Cultural sensitivity**: Projects like **Ghana's e-governance platform** incorporate local languages and administrative practices.
- **Equal partnership**: Both regions contribute expertise - Africa provides market insights while India shares technological solutions.
- **Capacity building focus**: Training programs ensure Africans lead their own digital transformation initiatives.

## Co-Development Models in Action

- **Joint innovation**: **Pan-African e-Network Project** connects 53 African countries through shared tele-medicine and tele-education platforms.
- **Technology adaptation**: **UPI model** customized for **Namibian payment systems** considering local banking infrastructure.
- **Collaborative funding**: India's **$12 billion concessional credit** combined with African government investments for sustainable project financing.
- **Knowledge exchange**: **IIT Madras Zanzibar campus** facilitates two-way learning between Indian and African students.
- **Research partnerships**: Joint R&D initiatives in **AI and blockchain** through institutions like **Indian Statistical Institute**.

## Long-term Institutional Partnerships

| Initiative | Countries Involved | Timeline | Impact |
|------------|-------------------|----------|---------|
| IT Centers | 6 African nations | 2019-ongoing | 15,000+ trained professionals |
| MOSIP Implementation | Morocco, Togo, Guinea | 2021-2025 | 50 million+ digital identities |
| Smart City Projects | Nigeria, Kenya, Rwanda | 2020-2030 | Urban digitization |

- **Sustained engagement**: **Smart Zambia Initiative (2023)** extends beyond technology transfer to governance transformation
- **Educational foundations**: 3,000+ annual scholarships for African students in Indian technical institutions
- **Institutional frameworks**: Regular **India-Africa Summit** mechanisms ensure continuous partnership evolution

This partnership exemplifies **""Atmanirbhar Bharat""** principles globally, with initiatives like **MOSIP in West Africa** and **digital agriculture platforms in East Africa** creating sustainable technological ecosystems."
30,"""With the waning of globalization, post-Cold War world is becoming a site of sovereign nationalism."" Elucidate.",10,GS 2,International Relations,2025,"The post-Cold War era was marked by the rise of globalization, characterized by free trade, open borders, multilateralism, and liberal internationalism. However, in recent years, this global integration is losing momentum due to economic inequality, geopolitical tensions, cultural backlash, and technological disruption. 

As a result, the world is witnessing a resurgence of **sovereign nationalism** where **states prioritize national interests, borders, and identities over global cooperation**.

## Evidence of Waning Globalization
- **Export restrictions**: India imposed foodgrains export bans in 2022-23, China restricted rare earth exports.
- **Import barriers**: India's laptop import licensing (2023), US semiconductor restrictions on China.
- **Rise of Protectionism**: Many nations are imposing tariffs, restricting foreign investments, and reshoring industries. Example: “Make America Great Again” and “Atmanirbhar Bharat” reflect protectionist policies.
- **Supply chain reshoring**: Companies relocating from China - Apple shifting iPhone production to India.
- **Retreat from Multilateralism**: Countries are bypassing WTO and global institutions in favor of bilateral or protectionist trade deals. Example: The US-China trade war and the weakening role of WTO dispute resolution.

## Rise of Sovereign Nationalism

### **Political and Strategic Autonomy:**
- **Multi-alignment policies**: India's balanced approach during Russia-Ukraine conflict, maintaining relations with all parties.
- **Border securitization**: Enhanced border controls, visa restrictions, immigration policies.
- **Digital sovereignty**: Data localization laws in India, China's internet restrictions, EU's GDPR.
- **Cultural nationalism**: Emphasis on local languages, traditions - Hindi promotion in India, Mandarin in China.
- **Military self-reliance**: India's defense indigenization achieving 78% domestic procurement (2023-24).

### **Economic Self-Reliance Initiatives:**
- **Atmanirbhar Bharat**: India's self-reliance push with ₹1.97 lakh crore PLI scheme.
- **Made in China 2025**: China's domestic technology advancement program.
- **America First**: US reshoring initiatives and CHIPS Act ($52 billion semiconductor investment).
- **Strategic autonomy**: EU's Green Deal and digital sovereignty initiatives
- **Critical mineral security**: Countries securing domestic supply chains for rare earth elements.

## Impact on Global Order

**Regional Realignments:**
- **QUAD, AUKUS**: Security-focused partnerships replacing economic multilateralism.
- **BRICS expansion**: Addition of 6 new members in 2024, challenging Western-dominated institutions.
- **Indo-Pacific strategies**: Multiple nations developing region-specific approaches.
- **Decoupling trends**: US-China technological separation, selective economic engagement.

The contemporary world order reflects **strategic globalization** where nations pursue **calibrated international engagement** while strengthening domestic capabilities. This shift, embodied in India's **""Vasudhaiva Kutumbakam""** approach at G20 presidency, suggests a future of **sovereign interdependence** rather than unfettered globalization."
31,"""Constitutional morality is the fulcrum which acts as an essential check upon the high functionaries and citizens alike…."" 
In view of the above observation of the Supreme Court, explain the concept of constitutional morality and its application to ensure balance between judicial independence and judicial accountability in India.",15,GS 2,Indian Polity,2025,"The Supreme Court in *NCT of Delhi v. Union of India (2018)* highlighted that **constitutional morality is the fulcrum restraining unbridled power**. It ensures that governance must rest on trust, accommodation, and adherence to constitutional values. While judicial independence is vital for democracy, constitutional morality ensures it coexists with accountability, preventing judicial overreach.

## Concept of Constitutional Morality

Constitutional morality means following the **spirit of the Constitution**—values like equality, liberty, fraternity, and rule of law. **Dr. Ambedkar** stressed that Indian democracy must learn and practise it. It works like a **moral guide**, helping balance the rights of people with the larger good and preventing misuse of power. 

Courts have applied it in judgments like *Navtej Singh Johar (2018)*, where it was used to protect LGBTQ rights, and *Delhi Govt vs LG (2018)*, where it was used to promote cooperative federalism. Thinkers like **Andre Beteille** warn that without constitutional morality, the Constitution may be applied in an arbitrary way.

## Application to Ensure Judicial Independence

* **Structural safeguards**: Security of tenure under Article 124, removal only through impeachment, and salaries charged on the Consolidated Fund.
* **Financial autonomy**: Ensures freedom from executive interference.
* **Judicial review and separation of powers**: Protect independence of decision-making.
* **Collegium system**: Evolved in the *Second Judges Case (1993)* and preserved in the *NJAC Judgment (2015)*, reflecting constitutional morality in protecting appointments from executive dominance.
* **Immunity**: Judges enjoy immunity for acts performed in judicial capacity.

## Application to Ensure Judicial Accountability 

* **Judges Inquiry Act (1968)** and in-house codes of conduct create checks on misconduct.
* **Transparency mechanisms**: Live-streaming of proceedings (initiated in Gujarat High Court, 2018) and publication of collegium resolutions.
* **Reasoned judgments**: Ensure decisions are rooted in constitutional principles and open to scrutiny.
* **Public scrutiny**: The Supreme Court (2024 ruling) allowed good-faith criticism of judges, balancing independence with accountability.
* **Technological tools**: The **National Judicial Data Grid** tracks pendency and disposal, ensuring performance monitoring.

## Achieving Balance Between Independence and Accountability

| **Aspect**          | **Independence Mechanism**     | **Accountability Mechanism**         |
| ------------------- | ------------------------------ | ------------------------------------ |
| **Appointment**     | Collegium system               | Calls for transparency in selections |
| **Decision-making** | No external interference       | Reasoned, published judgments        |
| **Financial**       | Salaries via Consolidated Fund | Subject to audit & oversight         |
| **Conduct**         | Immunity for judicial acts     | In-house complaints procedure        |

Constitutional morality acts as the **soul of the Constitution**, ensuring that independence does not turn into unaccountability, and accountability does not erode independence. As Ambedkar envisaged, cultivating constitutional morality remains essential for sustaining India’s democratic governance."
32,"Indian Constitution has conferred the amending power on the ordinary legislative institutions with a few procedural hurdles. In view of this statement, examine the procedural and substantive limitations on the amending power of the Parliament to change the Constitution.",15,GS 2,Indian Polity,2025,"The Constitution of India, through **Article 368**, empowers Parliament to amend its provisions. This ensures adaptability to changing social, political, and economic needs. However, unlike ordinary laws, constitutional amendments require special procedures and face substantive restrictions under judicial interpretation.&#x20;

## Procedural Limitations on Amending Power

1. **Special Majority Requirement:** Most amendments require a special majority in both Houses of Parliament. This means approval by two-thirds of members present and voting, plus a majority of the total membership. This higher threshold, seen in the **104th Amendment (2019)** extending SC/ST reservations, prevents frequent or casual changes.
2. **State Ratification:** Certain amendments that alter federal provisions—such as representation of states in Parliament, powers of the Union and states, or election of the President—require ratification by at least half of state legislatures. For example, the **101st Amendment (2016)** introducing the Goods and Services Tax needed state ratification to maintain federal balance.
3. **Presidential Assent:** Every amendment must receive Presidential assent. Unlike ordinary bills, the President cannot withhold or return a constitutional amendment, ensuring finality once both Houses and states (if required) approve it.
4. **No Joint Sitting Provision:** In case of disagreement between the two Houses, there is no joint sitting provision. This forces consensus-building within each House separately before an amendment can be passed.

## Substantive Limitations on Amending Power

1. **Basic Structure Doctrine:** In *Kesavananda Bharati v. State of Kerala (1973)*, the Supreme Court held that while Parliament’s power under Article 368 is broad, it cannot destroy the “basic structure” of the Constitution. Core elements include:

   * Supremacy of the Constitution
   * Republican and democratic form of government
   * Secularism and federalism
   * Judicial review and separation of powers
2. **Judicial Review of Amendments:** In *Indira Gandhi v. Raj Narain (1975)*, an amendment restricting judicial review of elections was invalidated. Similarly, in *Minerva Mills v. Union of India (1980)*, the Court struck down provisions that sought to give Parliament unlimited amending power, reinforcing the balance between Fundamental Rights and Directive Principles.
3. **Post-1973 Amendments Scrutiny:** In *I.R. Coelho v. State of Tamil Nadu (2007)*, the Court clarified that even laws placed under the Ninth Schedule after 1973 are subject to basic structure review, preventing misuse of the amendment power to shield unconstitutional laws.
4. **Implied Limitations:** Attempts like the **42nd Amendment (1976)**, which tried to make Parliament’s amending power unlimited, were curtailed by the judiciary. This reflects that amendments cannot be used to undermine the very framework of constitutional democracy.

The amending power under Article 368 is a careful compromise. Procedural safeguards like special majorities and state ratification ensure broad consensus, while substantive limits like the basic structure doctrine protect core values. This balance has given the Constitution both rigidity and flexibility, keeping it stable yet adaptable to new challenges while preserving its founding ideals."
33,Discuss the evolution of collegium system in India. Critically examine the advantages and disadvantages of the system of appointment of the Judges of the Supreme Court of India and that of the USA.,15,GS 2,Indian Polity,2025,"India's **collegium system** governs the appointment and transfer of judges in the Supreme Court and High Courts. It is not based on constitutional text but has evolved through landmark judicial pronouncements. 

Unlike the Indian system, the US model is rooted in executive nomination and legislative confirmation. Both aim to balance judicial independence with accountability, but through very different mechanisms.

## Evolution of the Collegium System in India

* **First Judges Case (1981):** Upheld executive primacy in appointments; consultation with the CJI did not mean concurrence.
* **Second Judges Case (1993):** Shifted to judicial primacy; created the collegium system, making the CJI’s opinion binding after consulting two senior-most judges.
* **Third Judges Case (1998):** Formalized the current collegium—CJI + four senior-most SC judges for Supreme Court appointments.
* **NJAC Verdict (2015):** Struck down the National Judicial Appointments Commission, reaffirming collegium supremacy on grounds of protecting judicial independence.

## Constitutional Provisions for Judicial Appointments

* **Article 124:** SC judges appointed by the President after consultation with CJI and other judges deemed necessary.
* **Article 217:** HC judges appointed by the President after consultation with the CJI, Governor of the state, and Chief Justice of the High Court concerned.

## Advantages of Indian and US Systems

* **Judicial Independence (India):** Prevents executive dominance, shielding judges from political pressures.
* **Merit-based Selection (India):** Seniority and legal expertise guide choices rather than political considerations.
* **Constitutional Safeguard (India):** Protects separation of powers as part of the basic structure doctrine.
* **Institutional Memory (India):** Senior judges bring deep knowledge of judicial requirements.
* **Democratic Accountability (USA):** Presidential nomination with Senate confirmation ensures public participation.
* **Transparency (USA):** Public Senate hearings allow scrutiny of candidates’ philosophy and competence.
* **Checks and Balances (USA):** Executive and legislature share responsibility, preventing concentration of power.
* **Broader Representation (USA):** Political process can consider social diversity beyond legal merit.

## Disadvantages of Indian and US Systems

* **Lack of Transparency (India):** Closed-door decisions without public reasoning.
* **Self-perpetuation (India):** “Judges appointing judges” raises accountability concerns and allegations of nepotism.
* **Delayed Appointments (India):** Frequent vacancies due to slow decision-making.
* **Limited Diversity (India):** Women and minorities remain underrepresented (only \~11% women in SC as of 2024).
* **Politicisation (USA):** Appointments often reflect party ideology, threatening neutrality.
* **Confirmation Delays (USA):** Senate obstruction can leave seats vacant for years.
* **Ideological Bias (USA):** Judicial merit overshadowed by political leanings.
* **Public Polarisation (USA):** High-profile confirmations like **Brett Kavanaugh (2018)** divided public opinion and dented credibility.

India’s collegium system prioritises autonomy of the judiciary but often lacks transparency, while the US model ensures democratic participation but risks politicisation. A comparative view shows India needs reforms for openness and diversity, whereas the US must address partisanship in confirmations.&#x20;"
34,Examine the evolving pattern of Centre-State financial relations in the context of planned development in India. How far have the recent reforms impacted the fiscal federalism in India?,15,GS 2,Indian Polity,2025,"Centre-State financial relations in India, provided under **Articles 264–293**, define the distribution of taxation powers, grants, borrowing authority, and resource allocation. These relations have continuously evolved with India’s shift from a centralised planned economy to a liberalised system, and more recently to a cooperative federal structure under reforms like GST and Finance Commission devolution.

## Evolution of Centre-State Financial Relations in Planned Development

**Centralised Planning Era (1950–1991):**

* **Planning Commission** dominated fiscal relations, allocating resources through the **Gadgil formula**.
* States remained dependent on discretionary central transfers and loans under **Article 282**.
* **National Development Council** offered limited state participation but real power stayed with the Centre.
* This led to vertical fiscal imbalance, with states spending more but raising less revenue.

**Post-1991 Liberalisation:**

* With economic reforms, states gained greater autonomy in resource mobilisation.
* **FRBM Act (2003)** encouraged fiscal discipline and borrowing limits.
* Role of **Finance Commissions** increased, shifting devolution from plan to non-plan transfers.
* States began to attract foreign and private investment, reducing sole dependence on Centre.

## Impact of Recent Reforms on Fiscal Federalism

| **Reform Area**    | **Earlier Framework**             | **Post-Reform Impact**                                                 |
| ------------------ | --------------------------------- | ---------------------------------------------------------------------- |
| **Taxation**       | Fragmented indirect tax structure | **GST (2017):** Unified regime with GST Council as institutional forum |
| **Planning**       | Planning Commission (centralised) | **NITI Aayog (2015):** Cooperative, consultative approach              |
| **Tax Devolution** | 32% (13th FC)                     | **41% (15th FC):** Higher untied resources for states                  |
| **Borrowing**      | Strict central control            | **FRBM revisions & Atmanirbhar Bharat:** Relaxed borrowing limits      |

### Positive Outcomes

* **GST Council** institutionalised fiscal federalism through joint decision-making.
* **Higher tax devolution (41%)** provided more flexibility and autonomy.
* **Performance-based grants** incentivised reforms in power sector, population management, and urban local bodies.
* **DBT and digital reforms** improved efficiency and reduced leakages, empowering states in welfare delivery.

### Challenges Persist

* **Vertical fiscal imbalance** remains—states incur \~60% expenditure but raise \~40% revenues.
* **Centrally Sponsored Schemes (CSS):** Conditional transfers restrict true autonomy despite higher devolution.
* **GST compensation disputes** (post-2020) created tensions, especially during pandemic revenue shortfalls.
* Rising **state debts and off-budget borrowings** have strained fiscal stability (e.g., Kerala, Punjab).

&#x20;Going forward, reforms could include raising states’ tax share beyond 41%, ensuring statutory GST compensation, rationalising Centrally Sponsored Schemes, and linking borrowing limits with fiscal discipline. Overall, fiscal federalism reflects a **blend of flexibility and central oversight**, ensuring national cohesion while steadily empowering states."
35,"What are environmental pressure groups? Discuss their role in raising awareness, influencing policies and advocating for environmental protection in India.",15,GS 2,Indian Polity,2025,"Environmental pressure groups are organized bodies of individuals and organizations that work to influence public opinion, policy, and governance on issues of environmental protection. In India, they range from grassroots community movements to large NGOs, playing a critical role in awareness, policy influence, and advocacy.

## Role in Raising Environmental Awareness

* **Mass Campaigns:** These groups argue that large-scale mobilisations are essential to bring environmental issues into mainstream politics. For instance, Greenpeace’s anti-coal campaigns and WWF’s tiger conservation programmes directly challenged state policies on energy and wildlife. CSE’s *State of India’s Environment* reports also pressured governments by providing data-driven criticism that was widely discussed in the media.
* **Community Engagement:** Pressure groups contend that local participation strengthens environmental democracy. The Chipko Movement (1973), Silent Valley protests (1970s–80s), and Save Aarey campaign (2019) demonstrated how ordinary citizens can resist deforestation and urban ecological loss, compelling governments to reconsider projects.
* **Digital and Media Outreach:** They claim that without constant visibility, environmental issues are ignored by policymakers. Television debates, print coverage, and social media campaigns around Delhi’s smog, Yamuna river pollution, or plastic bans have forced regulators to act more urgently.
* **Education and Capacity Building:** Advocates emphasise that awareness from a young age creates long-term environmental responsibility. WWF’s “Eco-Schools” and TERI’s green campus programmes are examples where schools became platforms for instilling sustainable practices.
* **Grassroots Documentation:** Groups maintain that documentation of violations empowers marginalised voices in policymaking. Local NGOs in Odisha, Chhattisgarh, and West Bengal gathered evidence on coal mining and forest rights violations which later became crucial in cases before the **National Green Tribunal (NGT)**.

## Influence on Policies and Governance

* **Policy Formulation:** By presenting research and lobbying, groups such as the Centre for Policy Research and CSE shaped the **National Action Plan on Climate Change** and pushed for ambitious renewable energy targets.

* **Judicial Interventions:** They contend that without PILs, executive inaction would persist. Landmark cases like **M.C. Mehta vs Union of India** led to the CNG conversion of Delhi’s public transport and enforcement of **pollution control norms**.

* **Monitoring Implementation:** NGOs stress that laws are meaningless without monitoring. For instance, Wildlife Protection Society of India actively assists in **Project Tiger** by exposing poaching networks, compelling better enforcement.

* **International Advocacy:** Groups argue that India’s global image and domestic policies are linked. Their inputs influenced India’s stance in **Paris Agreement** negotiations and subsequent **COP summits**, ensuring climate justice narratives were included.

* **Policy Formulation:** Inputs to **National Action Plan on Climate Change** and renewable energy programmes.

* **Judicial Interventions:** PILs leading to **pollution control norms, CRZ notifications, and BS-VI emission standards**.

* **Monitoring Implementation:** Wildlife NGOs support **Project Tiger** and anti-poaching drives.

* **International Advocacy:** Shaping India’s commitments under the **Paris Agreement** and **COP summits**.

## Advocacy for Environmental Protection

| **Area**            | **Examples**                               | **Impact**                                               |
| ------------------- | ------------------------------------------ | -------------------------------------------------------- |
| Forest Protection   | Narmada Bachao Andolan, Save Silent Valley | Stalled/modified dam and hydropower projects             |
| Air Quality         | CSE’s Clean Air Campaign                   | Adoption of BS-VI norms, stricter air quality monitoring |
| Marine Conservation | Turtle Action Group                        | Strengthened CRZ regulations                             |
| Climate Action      | Climate Action Network India               | Support for National Solar Mission                       |

Environmental pressure groups in India act as vital democratic watchdogs, bridging citizen concerns with state action. Going forward, their role remains indispensable in achieving India’s **Sustainable Development Goals** and the **net-zero emissions target by 2070**."
36,Inequality in the ownership pattern of resources is one of the major causes of poverty. Discuss in the context of 'paradox of poverty'.,15,GS 2,Social Justice,2025,"The **""paradox of poverty""** refers to the coexistence of resource abundance alongside widespread poverty. 

Recent data shows India's richest 1% own 73% of the country's wealth, highlighting the stark **paradox of poverty** amid economic growth.

## Understanding the Paradox of Poverty

- India reduced **multidimensional poverty from 55.1% to 16.4%** (2005-2021) yet resource inequality widened
- **GDP growth averaging 6-7%** annually while bottom 50% population share in wealth declined
- **Technology boom** creating billionaires while rural areas lack basic digital infrastructure
- **Export growth** in IT and pharmaceuticals contrasting with persistent rural unemployment

## Inequality in Resource Ownership Pattern

- **Agricultural land concentration**: Top 10% farmers own 60% of cultivable land while bottom 50% own merely 2.3%
- **Urban property disparity**: Metropolitan areas witness extreme wealth concentration with slum populations lacking basic housing rights
- **Mineral resource ownership**: Private corporations control majority mining rights while local communities remain impoverished
- **Financial assets**: Top 10% Indians hold 77% of total household wealth (Credit Suisse Report 2022)

## How Inequality in Ownership Causes Poverty

- **Land & Agricultural Inequality**: Limited land resources decreases ability to use the resource as collateral for loans, limiting investment and perpetuating poverty.

- **Resource Curse / Minerals & Forests**: Local populations, often tribals, are displaced from forests/mines without adequate compensation, losing both livelihood and cultural capital.
- **Wealth & Capital Concentration**: Poor households lack access to productive assets, education, and credit, trapping them in low-income cycles.
- **Social Inequality & Exclusion**: Resource ownership is also shaped by caste, gender, and class hierarchies. Dalits and women traditionally excluded from land ownership → economic marginalization.

## Government Initiatives in this regard
- **SVAMITVA Scheme**: Property cards distributed to 65 lakh rural households
- **PM-KISAN**: Direct income support reaching 12 crore farmers
- **MUDRA Yojana**: ₹18 lakh crore loans to micro-enterprises

Addressing resource ownership inequality through **Land Acquisition Act amendments** and **Forest Rights Act implementation** remains crucial for achieving inclusive growth and eliminating the paradox of poverty."
37,"""In contemporary development models, decision-making and problem-solving responsibilities are not located close to the source of information and execution defeating the objectives of development."" Critically evaluate.",15,GS 2,Governance,2025,"Recent data from **NITI Aayog's SDG Index 2023** reveals significant inter-state disparities, highlighting how centralized development models often fail to address local realities and needs.

## Information Asymmetry in Current Development Models

- **Top-Down Planning Gaps**: Central schemes like **PMAY-G** achieved only 80% target completion due to disconnect between Delhi-based planning and ground realities across diverse states.

- **Delayed Response Mechanisms**: Bureaucratic layers in schemes like **MGNREGA** cause 2-3 month delays in wage payments, defeating the purpose of employment generation during distress periods.

- **One-Size-Fits-All Approach**: Uniform implementation of **Ayushman Bharat** faces challenges in tribal areas of Odisha and Jharkhand due to inadequate consideration of local health practices and accessibility issues.

- **Resource Misallocation**: **Swachh Bharat Mission** saw toilet construction without ensuring water availability in Rajasthan and Gujarat, showing planning-execution disconnect.

| Challenge | Impact | Example |
|-----------|---------|---------|
| Information Lag | Policy-Reality Gap | PMKSY irrigation coverage varies 40-90% across states |
| Bureaucratic Distance | Implementation Delays | MUDRA loan approval takes 45+ days vs. targeted 7 days |
| Cultural Disconnect | Low Acceptance | Digital India penetration: 87% urban vs. 31% rural |

## Success Stories of Decentralized Decision-Making

- **Kerala's Kudumbashree Model**: Local women's groups managing ₹15,000 crore annually through decentralized planning, achieving 98% project success rate.

- **Andhra Pradesh's Village Secretariats**: Bringing 23 government services to doorsteps, reducing bureaucratic distance and improving service delivery by 60%.

- **Tamil Nadu's Village Resource Planning Committees**: Community-led watershed management covering 2.4 lakh hectares with 85% groundwater improvement.

- **Telangana's Haritha Haram**: Locally planned afforestation achieving 135% target through community participation and local knowledge integration.

## Way Forward Through Localization

- **Strengthen 73rd Amendment**: Enhanced devolution of funds, functions, and functionaries to Panchayati Raj Institutions with adequate capacity building.

- **Technology-Enabled Governance**: Real-time data systems like **e-Gram SWARAJ** for transparent, responsive local governance.

- **Community Participation**: Mandatory social audits and **Gram Sabha** approvals for development projects ensuring local ownership.

The path forward lies in **subsidiarity principle** - decisions at the most local level possible, as demonstrated by successful implementation of **PM-KISAN** through direct benefit transfer, bypassing traditional bureaucratic channels for effective development outcomes."""
38,The National Commission for Protection of Child Rights has to address the challenges faced by children in the digital era. Examine the existing policies and suggest measures the Commission can initiate to tackle the issue.,15,GS 2,Indian Polity,2025,"The **National Commission for Protection of Child Rights (NCPCR)** faces unprecedented challenges as **95% of Indian children** now access internet, with cyber crimes against minors rising by **400% since 2020**.

## **Challenges Faced by Children in Digital Era**

**Online Safety Threats:**
- **Cyberbullying and harassment** affecting 1 in 3 children online
- **Online sexual exploitation** with 2.4 million reported cases (2017-2020)
- **Digital addiction** leading to mental health issues among 40% urban children
- **Identity theft and financial fraud** targeting minors
- **Exposure to inappropriate content** through unfiltered platforms

**Digital Divide Issues:**
- **Rural-urban disparity** with only 15% rural children having quality internet access
- **Gender gap** in digital literacy, particularly in states like Bihar and Uttar Pradesh
- **Economic barriers** preventing 60% children from accessing digital learning tools
- **Language barriers** in digital content consumption
- **Infrastructure inadequacy** in remote areas

## **Existing Policies**

| **Policy/Act** | **Key Provisions** | **Limitations** |
|---|---|---|
| **POCSO Act 2012** | Online child sexual abuse coverage | Limited enforcement mechanisms |
| **IT Act 2000 (Amendment 2008)** | Cybercrime provisions | Inadequate child-specific protections |
| **Digital Personal Data Protection Act 2023** | Children's data protection | Implementation pending |
| **Juvenile Justice Act 2015** | Child welfare in digital crimes | Lacks preventive measures |

## **Suggested Measures for NCPCR**

**Policy Initiatives:**
- Develop **comprehensive Digital Child Safety Policy** with mandatory implementation
- Establish **Child Digital Rights Charter** ensuring privacy and safety
- Create **age-appropriate internet usage guidelines** for different developmental stages
- Implement **mandatory digital literacy curriculum** in schools nationwide
- Launch **""Surakshit Bachpan"" digital safety campaign** across states

**Institutional Mechanisms:**
- Set up **24/7 National Child Cyber Helpline** (similar to CHILDLINE 1098)
- Create **Child Cyber Crime Investigation Units** in all states
- Establish **Digital Child Protection Officers** at district level
- Form **Industry-NCPCR Partnership Council** with tech companies
- Launch **""Cyber Saathi"" peer education program** in schools

The **Digital India initiative** must prioritize child safety through NCPCR's enhanced mandate, ensuring India's **472 million children** navigate the digital world securely while accessing its benefits."
39,"""Energy security constitutes the dominant kingpin of India's foreign policy, and is linked with India's overarching influence in Middle Eastern countries."" How would you integrate energy security with India's foreign policy trajectories in the coming years?",15,GS 2,International Relations,2025,"India's energy import dependence of **85% crude oil** necessitates strategic energy diplomacy, particularly with Middle Eastern nations accounting for over **60% of imports**.

## Energy Security as India's Foreign Policy Driver

- **Strategic Import Dependence**: Middle East supplies **65% of India's crude oil** with Saudi Arabia, Iraq, and UAE as top suppliers, making energy security central to regional diplomacy
- **Infrastructure Investments**: India's **$13 billion investment** in Iran's Chabahar Port and participation in **Kashagan oil field** in Kazakhstan demonstrate energy-driven foreign policy
- **Bilateral Energy Partnerships**: Recent **India-UAE CEPA 2022** includes energy cooperation worth **$75 billion**, while **India-Saudi Arabia Strategic Partnership** encompasses renewable energy collaboration
- **Diversification Imperative**: Russia's emergence as **2nd largest oil supplier** (2023) showcases India's multi-alignment strategy in energy sourcing
- **Regional Influence**: India's membership in **IEA (2017)** and **GECF observer status** enhances its voice in global energy governance

## Integration Strategies for Future Trajectories

- **Green Energy Diplomacy**: 
  - **India-Middle East Green Hydrogen Alliance** with UAE targeting **5 million tonnes production by 2030**
  - Solar manufacturing partnerships through **One Sun One World One Grid initiative**
  - Joint renewable energy projects like **Mohammed bin Rashid Al Maktoum Solar Park Phase V**

- **Strategic Infrastructure Development**:
  - **India-Middle East-Europe Economic Corridor (IMEC)** launched at **G20 2023** for energy connectivity
  - Participation in **Trans-Arabian Pipeline** modernization projects
  - Development of **floating LNG terminals** in partnership with Qatar and UAE

- **Technology and Investment Cooperation**:
  - **ONGC Videsh** investments exceeding **$15 billion** across Middle East and Central Asia
  - Nuclear cooperation expansion through **Kudankulam Units 5-6** with Russian technology
  - Critical minerals partnerships for **lithium and cobalt** supply chains

- **Multi-lateral Energy Frameworks**:
  - Active participation in **International Solar Alliance** with Middle Eastern nations
  - **Shanghai Cooperation Organization** energy working groups
  - **BRICS energy cooperation** mechanism for alternative payment systems

India's energy security integration with foreign policy requires balancing traditional hydrocarbon partnerships with emerging renewable collaborations, exemplified by initiatives like **National Green Hydrogen Mission 2023** and strategic petroleum reserves expansion."
40,"""The reform process in the United Nations remains unresolved, because of the delicate imbalance of East and West and entanglement of the USA vs. Russo-Chinese alliance."" Examine and critically evaluate the East-West policy confrontations in this regard.",15,GS 2,International Relations,2025,"The United Nations, established in 1945, was designed to maintain international peace, security, and cooperation. Over time, the need for reform—particularly of the Security Council—has become urgent to reflect contemporary global realities. 

However, UN reforms remain stalled largely due to the **East-West geopolitical divide**, reflecting the unresolved power equilibrium between the **USA and Western allies** versus **Russia and China**

## East-West Policy Confrontations in UN Reform

### **Security Council Reform Deadlock**
* **Western position**: Expansion with **Germany, Japan, India, Brazil** as permanent members, emphasizing democratic credentials and financial contributions
* **Eastern bloc stance**: **Russia-China** oppose Western expansion, advocating for **African and Asian representation** without additional Western allies
* **Veto power disputes**: US blocks Russian proposals while **China** vetoes Western-backed resolutions, creating systematic paralysis
* **Regional alignments**: **BRICS nations** support multipolar representation versus **G7's** democracy-based membership criteria
* **Procedural battles**: **Article 108 amendment requirements** exploited by opposing blocs to prevent reforms

### **Institutional Governance Conflicts**
* **Budget disputes**: **US** withholding contributions over **Chinese influence** in specialized agencies like **WHO** and **UNIDO**
* **Leadership contests**: **2024 WHO Director-General election** reflected East-West divisions with **European vs Asian candidates**
* **Operational mandates**: Disagreements over **peacekeeping missions** in **Mali, DRC**, with Western emphasis on human rights versus Eastern sovereignty principles
* **Agency restructuring**: **Russia-China** bloc opposes Western-dominated **Peacebuilding Commission** expansion
* **Secretariat appointments**: Geographic distribution conflicts between **Western merit-based** versus **Eastern quota-based** systems

### **Ideological Confrontations**
* **Human rights vs sovereignty**: **US-EU** promoting **R2P doctrine** opposed by **Russia-China's** non-interference stance
* **Climate governance**: **Green transition financing** disputes between developed-developing nation blocs
* **Technology governance**: **US** cyber-security proposals versus **Chinese** digital sovereignty framework
* **Development paradigms**: **Western liberal democracy promotion** conflicting with **Eastern alternative development models**
* **International law interpretation**: Divergent views on **territorial integrity, self-determination**, evident in **Ukraine, Taiwan, Kashmir** contexts

The **East-West policy confrontations** fundamentally stem from competing visions of global governance—**Western multilateralism** versus **Eastern multipolarity**. Resolution requires **compromise mechanisms** like the **Alliance for Multilateralism** initiative and **regional consultation frameworks** to bridge ideological divides."
41,Distinguish between the Human Development Index (HDI) and Inequality-adjusted Human Development Index (IHDI) with special reference to India. Why is the IHDI considered a better indicator of inclusive growth?,10,GS 3,Economy,2025,"The HDI measures average achievements in **health, education and income**, but ignores inequalities within society. The IHDI adjusts HDI by accounting for distributional inequalities, thereby reflecting the actual level of human development experienced by people.

India's IHDI reveals a stark **30.7% loss in human development potential** due to inequality, highlighting the critical gap between average progress and inclusive growth.

## Distinguishing HDI and IHDI

| Aspect | HDI | IHDI |
|--------|-----|------|
| **Methodology** | Average achievements in health, education, living standards | HDI adjusted for inequality using Atkinson index |
| **Data Approach** | Country-level aggregated data | Distribution-sensitive analysis |
| **Focus** | Overall development level | Inclusive development outcomes |

### HDI Framework
- Measures **life expectancy at birth**, **mean years of schooling**, and **GNI per capita**
- Provides snapshot of average human development
- India ranks **130th globally** with HDI of 0.685 (2023)

![HDI Framework](https://d1xzxglpo1zn8i.cloudfront.net/web/model-answer-images/HDI.jpg)

### IHDI Enhancement
- Incorporates **inequality penalties** across all three dimensions
- Reveals actual development distribution among population
- India's Inequality-Adjusted Human Development Index (IHDI) dropped to **0.475, reflecting a significant loss due to disparities in health, education, and income**, despite its overall HDI improving to **0.685 in the 2023-2024 Human Development Report**. 

![IHDI Framework](https://d1xzxglpo1zn8i.cloudfront.net/web/model-answer-images/Inequality+Adjusted+HDI.jpg)

## India's Performance Analysis

### Regional Disparities
- **Kerala** leads with highest HDI while **Bihar** lags.
- **Gender inequality** contributes significantly to IHDI reduction
- **Caste-based disparities** further widen development gaps

### Sectoral Variations
- **Health inequalities**: Rural-urban divide in maternal mortality
- **Educational gaps**: Digital divide affecting online learning access
- **Income distribution**: Top 1% holds 22% of national wealth

## IHDI as Superior Indicator of Inclusive Growth

### Comprehensive Assessment
- Captures **""leave no one behind""** principle of SDGs
- Reflects impact of schemes like **PM-JAY** and **Samagra Shiksha**
- Identifies beneficiaries left out of development process

### Policy Relevance
- Guides targeted interventions through **Aspirational Districts Programme**
- Supports **National Education Policy 2020** implementation
- Informs **Ayushman Bharat** coverage expansion strategies

### Development Planning
- Enables monitoring of **SDG 10** (Reduced Inequalities)
- Facilitates evidence-based resource allocation
- Supports **PM Gati Shakti** infrastructure planning

IHDI's inequality-adjusted approach makes it indispensable for India's pursuit of **inclusive growth**, ensuring development benefits reach every citizen across socio-economic strata."
42,What are the challenges before the Indian economy when the world is moving away from free trade and multilateralism to protectionism and bilateralism? How can these challenges be met?,10,GS 3,Economy,2025,"The post–Cold War era witnessed the dominance of free trade and multilateralism under institutions like the WTO. However, in recent years, there is a global drift towards protectionism, economic nationalism, and bilateral trade deals. This trend poses multiple challenges for an open, emerging economy like India.

The global trade war escalated to **$1.7 trillion** in 2023, with major economies imposing tariffs affecting India's **$824.9 billion export target** for FY 2024-25.

## Challenges Before the Indian Economy

### **Trade and Export Challenges**:
- **Market Access Restrictions**: US-China trade tensions and EU's **Carbon Border Adjustment Mechanism** limiting India's steel and aluminum exports
- **Supply Chain Fragmentation**: Global shifts (US–China trade war, pandemic-induced reshoring, friend-shoring) affect India’s role in global value chains, increasing vulnerability of industries like electronics and auto components.
- **Tariff Wars**: Retaliatory duties affecting key sectors like textiles, pharmaceuticals, and IT services
- **Export Dependency Risk**: India’s growth strategy relies on expanding exports (IT services, pharma, textiles, agri products). Protectionist barriers in the US, EU, and other markets limit market access.
- **Standards and Regulations**: Non-tariff barriers through stringent quality standards in developed markets

### **Investment and Technology Challenges**:
- **FDI Uncertainty**: Geopolitical tensions affecting long-term investment commitments, evident in **China+1 strategy**
- **Technology Transfer Barriers**: Restrictions on critical technologies like semiconductors and 5G equipment
- **Financial Market Volatility**: Trade wars causing currency fluctuations and capital flow disruptions
- **Industrial Competitiveness**: Rising input costs due to supply chain disruptions affecting manufacturing
- **Innovation Access**: Limited access to R&D collaborations and technology partnerships

## How These Challenges Can Be Met

### **Strategic Trade Diversification**:
- **New Market Penetration**: Expanding trade with Africa through **India-Africa Forum Summit** initiatives and Latin American partnerships
- **Bilateral Trade Agreements**: Operationalizing **India-UAE CEPA** (achieved 16% trade growth) and fast-tracking **India-UK FTA**
- **Regional Partnerships**: Strengthening **ASEAN** ties and exploring **Indo-Pacific Economic Framework** opportunities
- **South-South Cooperation**: Leveraging **BRICS** platform for alternative trade arrangements
- **Sectoral Focus**: Promoting services exports through **GES-2.0** and digital trade agreements

### **Domestic Resilience Building**:
- **Import Substitution**: Scaling **PLI schemes** across 14 sectors with ₹1.97 lakh crore allocation
- **Infrastructure Development**: Completing **National Logistics Policy** implementation for cost reduction
- **Skill Enhancement**: Expanding **Skill India Mission** for global competitiveness in emerging technologies
- **Manufacturing Hubs**: Establishing sector-specific clusters through **National Industrial Corridor Development Program**
- **Digital Transformation**: Leveraging **India Stack** for efficient trade facilitation and compliance

India must navigate protectionism through **strategic autonomy** while maintaining openness, as demonstrated by recent **Semiconductor Mission** and **Green Hydrogen Mission** initiatives."
43,Explain the factors influencing the decision of the farmers on the selection of high value crops in India.,10,GS 3,Economy,2025,"The shift from traditional foodgrains to high-value crops (HVCs) such as fruits, vegetables, spices, plantation crops, flowers, and medicinal plants has been a significant trend in Indian agriculture. Farmers’ decision to adopt these crops is shaped by a combination of economic, ecological, infrastructural, and policy-related factors.

With India's high-value crop exports reaching $25.6 billion in 2023-24, **farmer crop selection decisions** are crucial for agricultural transformation and income enhancement.

## Economic Factors Influencing Crop Selection
- **Market Price Premium**: Crops like **saffron**, **cardamom**, and **vanilla** offer significantly higher returns than traditional cereals
- **MSP Assurance**: Government's **Minimum Support Price** for crops like **mustard** and **safflower** provides income security
- **Export Demand**: International market demand for **basmati rice, spices, and organic produce** influences farmer decisions
- **Value Addition Potential**: Crops allowing processing like **sugarcane to jaggery** or **milk to dairy products** attract farmers
- **Input-Output Ratio**: High-value crops often provide **3-5 times higher returns per hectare** compared to traditional crops

## Environmental and Technical Factors
- **Climate Suitability**: **Kashmir's saffron**, **Kerala's cardamom**, and **Meghalaya's turmeric** demonstrate region-specific advantages
- **Water Requirement**: Drought-prone areas like **Rajasthan** favor **bajra and mustard** over water-intensive crops
- **Soil Compatibility**: **Black cotton soil** in Maharashtra supports **cotton and soybean** cultivation
- **Technology Access**: **Precision farming techniques** in Punjab and Haryana enable efficient high-value crop production
- **Post-Harvest Infrastructure**: Cold storage facilities influence decisions for **fruits and vegetables**

## Socio-Economic Considerations
- **Risk Tolerance**: Small farmers often prefer **traditional crops** due to lower risk perception
- **Credit Availability**: **Kisan Credit Card** schemes enable investment in high-input crops
- **Knowledge and Training**: **Krishi Vigyan Kendra** programs influence adoption of new crop varieties
- **Market Linkages**: **e-NAM platform** connectivity affects crop choice decisions
- **Labor Availability**: Labor-intensive crops like **floriculture** require adequate workforce

For ensuring farm income security and sustainable agriculture, India must enhance irrigation, storage, market linkages, and policy neutrality so that farmers can shift towards high-value crops without excessive risk.

Government initiatives like **PM-KISAN** and **National Mission on Sustainable Agriculture** support farmers' transition to profitable crop diversification while ensuring sustainable farming practices"
44,Elaborate the scope and significance of supply chain management of agricultural commodities in India.,10,GS 3,Economy,2025,"Agriculture in India contributes nearly **18% of GDP** and sustains over **45% of the workforce.** However, the sector suffers from post-harvest losses, market inefficiencies, and low farmer incomes. 

An efficient Supply Chain Management (SCM) of agricultural commodities can bridge farm to fork, ensuring both farmer prosperity and consumer welfare.

## **Scope of Supply Chain Management of Agricultural Commodities**

### **Infrastructure Development**:
- **Cold storage facilities** - Agriculture Infrastructure Fund (AIF) sanctioned ₹8,258 crore for 2,454 projects
- **Warehousing capacity** - Central Warehousing Corporation operates 435 warehouses with 10.9 million MT capacity
- **Transportation networks** - Dedicated freight corridors and rural connectivity under PMGSY
- **Processing units** - Mega Food Parks (42 approved) and Integrated Cold Chain projects

### **Technology Integration**:
- **e-NAM platform** - 1,361 mandis integrated across 23 states enabling transparent price discovery
- **Blockchain implementation** - Maharashtra's soybean traceability project ensuring quality assurance
- **IoT sensors** - Real-time monitoring of storage conditions and inventory management
- **Mobile applications** - Kisan Suvidha app providing market information to 2.5 crore farmers

### **Market Linkages**:
- **Direct marketing channels** - FPOs connecting 63 lakh farmers to organized markets
- **Contract farming** - Punjab's PepsiCo potato procurement model covering 24,000 farmers
- **Export facilitation** - APEDA's quality certification for international markets

| **Component** | **Current Status** | **Target/Achievement** |
|---------------|-------------------|----------------------|
| Post-harvest losses | 3.89-15.05% | Target: < 5% by 2025 |
| FPOs registered | 7,374 active FPOs | Target: 10,000 by 2024 |
| e-NAM integration | 1,361 mandis | All major mandis by 2025 |

## **Significance of Agricultural Supply Chain Management**

### **Economic Transformation**:
- **Post-harvest loss reduction** - Annual losses of ₹92,651 crore (2022 NABCONS study) being minimized
- **Value addition** - Food processing sector growing at 9.99% CAGR, reaching ₹35 lakh crore by 2024
- **Employment generation** - Cold chain sector employing 3.5 million people directly
- **Export enhancement** - Agricultural exports reached $50.21 billion in 2021-22

### **Food Security Enhancement**:
- **Buffer stock management** - FCI maintaining 80.8 million MT capacity across 2,000 depots
- **Quality preservation** - Controlled atmosphere storage reducing nutritional losses
- **Supply stabilization** - Price Stabilization Fund (PSF) for onion and potato management
- **Rural accessibility** - Fair Price Shops network covering 5.38 lakh outlets

### **Farmer Income Augmentation**:
- **Price realization** - PM-AASHA ensuring MSP for 23 crops benefiting 86% small farmers
- **Risk mitigation** - PMFBY covering 5.5 crore farmers with ₹1.8 lakh crore sum insured
- **Market access** - Digital platforms reducing intermediary margins by 15-20%
- **Value chain participation** - Contract farming in Haryana increasing farmer income by 25%
 
Strengthening agricultural supply chains through initiatives like AIF (mobilizing ₹1.07 lakh crore investment) and **Atmanirbhar Bharat** remains crucial for achieving sustainable agricultural growth and doubling farmer incomes."
45,The fusion energy programme in India has steadily evolved over the past few decades. Mention India’s contributions to the international fusion energy project – International Thermonuclear Experimental Reactor (ITER). What will be the implications of the success of this project for the future of global energy?,10,GS 3,Science & Technology,2025,"Fusion energy – the process of fusing light nuclei like **hydrogen isotopes** to release enormous energy – promises a clean, safe, and virtually limitless source of power. 

India has steadily developed its fusion research programme since the 1980s and is now an important partner in the world’s largest fusion experiment: the International Thermonuclear Experimental Reactor (ITER) in France. 

## India's Contributions to ITER

### **Membership & Commitment**
- India joined ITER in 2005 as a full partner along with the EU, USA, Russia, Japan, China, and South Korea.
- India contributes about 9% of ITER’s construction cost in kind (components, systems, technology).

### **Major Contributions**
- **Cryostat Manufacturing:** India (through Larsen & Toubro) is building the world’s largest cryostat, a 3,800-tonne stainless steel chamber housing the ITER Tokamak.
- **Power Systems:** India is providing power supplies for heating, current drive, and magnet systems.
- **Cooling and Cryogenics:** Development of advanced cryo-distribution systems.
- Diagnostics & Instrumentation: Supplying diagnostic systems, tritium processing technologies, and control systems.
- **Materials & Engineering Expertise:** Contribution of high-grade steel, precision fabrication, and remote handling technologies.

| **Component** | **Indian Contribution** | **Global Significance** |
|---------------|-------------------------|-------------------------|
| Cryostat | Complete manufacturing | Houses entire tokamak |
| In-wall Shielding | 4,500 blocks | Radiation protection |
| Cooling Systems | Primary infrastructure | Temperature control |
| RF Heating | 9 MW capacity | Plasma heating |

### **Industrial Participation and Technology Transfer**
- **Larsen & Toubro**: Cryostat and vacuum vessel manufacturing
- **Inox India**: Specialized steel components and cryogenic systems
- **BHEL**: Electrical and control systems
- **TCS and HCL**: Software development and data management systems
- Technology partnerships enhancing India's precision engineering capabilities

## **Implications of ITER Success for Global Energy**

### **Revolutionary Energy Paradigm**
- Target **Q-factor of 10** (500 MW output from 50 MW input) surpassing JET's Q=0.67 record
- Potential for **unlimited clean energy** using abundant deuterium-tritium fuel
- **Zero carbon emissions** during operation, addressing climate change concerns
- **No radioactive waste** with long-term storage issues unlike fission reactors
- **Inherent safety** with no possibility of runaway reactions or meltdowns

### **Global Economic and Strategic Transformation**
- **Energy independence** for nations reducing fossil fuel dependency
- Creation of **fusion energy industry** worth trillions of dollars
- **Geopolitical stability** through reduced competition for energy resources
- **Spin-off technologies** in superconductivity, materials science, and cryogenics
- **Job creation** in high-tech manufacturing and research sectors

ITER's success could usher in a **fusion-powered civilization** by 2050, fundamentally transforming global energy security. India's strategic participation positions it to benefit from the **National Green Hydrogen Mission's** complementary goals."
46,How can India achieve energy independence through clean technology by 2047? How can biotechnology play a crucial role in this endeavour?,10,GS 3,Science & Technology,2025,"India's renewable energy capacity has grown to **226.9 GW in 2025**, positioning it for energy independence through clean technology by 2047.

![India's Installed Power](https://d1xzxglpo1zn8i.cloudfront.net/web/model-answer-images/India's+Installed+Power.jpg)
## Achieving Energy Independence through Clean Technology

### **Solar and Wind Expansion**
- **Ultra Mega Renewable Energy Parks**: Khavda Solar Park (Gujarat) - world's largest with 45 GW capacity.
- **Offshore Wind Development**: 37 GW potential identified along coastlines by 2030.
- **Floating Solar Projects**: 600 MW Omkareshwar project in Madhya Pradesh operational since 2023.
- **Green Energy Corridors**: ₹12,000 crore investment for renewable energy transmission.
- **Rooftop Solar Mission**: Target of 40 GW residential installations by 2026.

### **Green Hydrogen Revolution**
- **National Green Hydrogen Mission**: ₹19,744 crore allocation for 5 MMT annual production by 2030.
- **Steel Sector Decarbonization**: SAIL's green hydrogen pilot in Rourkela Steel Plant (2024).
- **Export Potential**: Green ammonia exports to Europe and Japan planned from 2025.
- **Industrial Applications**: Fertilizer industry transitioning to green hydrogen in Gujarat and Tamil Nadu.

### **Energy Storage Innovation**
- **Battery Manufacturing**: PLI scheme attracting ₹45,000 crore investments in lithium-ion production.
- **Pumped Hydro Storage**: 96 GW potential identified across 63 sites nationally.

## Role of Biotechnology in Energy Independence

### **Advanced Biofuels**
- **Ethanol Blending**: Achieved 20 per cent ethanol blending in petrol in 2025.
- **2G Ethanol Plants**: 12 commercial plants operational producing 340 crore liters annually.
- **Algae Biofuels**: CSIR-IIP developing microalgae strains yielding 60% lipid content.
- **Aviation Biofuels**: Hydroprocessed Esters and Fatty Acids (HEFA), made from plant oils and animal fats; Alcohol-to-Jet (ATJ), produced from fermenting alcohols like ethanol or isobutanol and Fischer-Tropsch (FT) fuels, created from biomass via syngas.

### **Waste-to-Energy Technologies**
- **BioE3 Policy Implementation**: 300 waste-to-energy projects generating 2,000 MW capacity.
- **Municipal Solid Waste**: Delhi's Okhla plant processing 2,000 TPD generating 16 MW.
- **Agricultural Residue**: Punjab's biomass plants reducing stubble burning by 40%.
- **Biogas Production**: 5 million household biogas plants operational under National Biogas and Manure Management Programme (NBMMP).

### **Synthetic Biology Applications**
- **Microbial Fuel Cells**: IIT Delhi developing bacteria-based electricity generation systems.
- **Biohydrogen Production**: Cyanobacteria research at ICGEB yielding 150 ml/L/day hydrogen.
- **Genetically Engineered Microorganisms**: Engineered microorganisms converting CO2 to biofuels at CSIR-NCL.

India's **National Green Hydrogen Mission** combined with biotechnology innovations through **BioE3 Policy** creates a robust framework for achieving energy independence by 2047."
47,"What is Carbon Capture, Utilization and Storage (CCUS)? What is the potential role of CCUS in tackling climate change?",10,GS 3,Science & Technology,2025,"India's CO2 emissions are projected to peak by 2040, making **Carbon Capture, Utilization and Storage (CCUS)** a critical technology for achieving net-zero by 2070.

## What is CCUS Technology

**CCUS** is an integrated process involving three key stages:

- **Carbon Capture**: Extracting CO2 from large emission sources like power plants using **post-combustion capture**, **pre-combustion capture**, or **direct air capture** technologies.
- **Utilization**: Converting captured CO2 into useful products like **synthetic fuels**, **chemicals**, **concrete**, and **plastics**.
- **Storage**: Permanently storing CO2 in **deep geological formations**, **saline aquifers**, or **depleted oil/gas reservoirs**.
- **Example**: Sleipner Project in Norway stores ~1 million tonnes of CO₂ per year beneath the North Sea.
![Carbon Capture](https://d1xzxglpo1zn8i.cloudfront.net/web/model-answer-images/Carbon+Capture.jpg)

## Potential Role of CCUS in Tackling Climate Change

### **Industrial Decarbonization**
- Enables **hard-to-abate sectors** like cement, steel, and chemicals to reduce emissions by **85-95%**.
- **Tata Steel's Jamshedpur plant** is piloting CCUS to capture 5 million tonnes CO2 annually.
- **ACC Cement** implementing carbon capture at multiple facilities across India.

### **Power Sector Transformation**
- Allows **existing coal power plants** to continue operating while reducing emissions.
- **NTPC's Vindhyachal plant** testing post-combustion capture technology.

### **Economic Opportunities**
- Creates **$1 trillion global market** by 2030 for CCUS technologies.
- Generates revenue through **carbon credits** and **CO2-derived products**.
- **Reliance Industries** investing ₹75,000 crores in carbon-to-chemicals projects.

### **Climate Targets Achievement**
- Essential for meeting **Paris Agreement goals** of limiting warming to 1.5°C.
- **IEA estimates** CCUS must capture 7.6 billion tonnes CO2 annually by 2050.
- India's **Mission Innovation** program allocating funds for CCUS research.

## Challenges in Scaling CCUS
| Challenge                    | Details                                                  |
| ---------------------------- | -------------------------------------------------------- |
| High cost                    | Capture and storage technologies remain expensive        |
| Lack of regulatory framework | Absence of legal clarity on liability and storage rights |
| Infrastructure needs         | Pipeline and storage infrastructure is limited           |
| Public perception            | Concerns about leakage and ""license to pollute""          |


CCUS is not a silver bullet, but it is a **critical piece of the climate mitigation puzzle**, especially for countries like India with large industrial emissions. With right policy support, investment, and innovation, CCUS can help achieve deep decarbonization, **bridge the net-zero gap**, and enable a **just energy transition**."
48,Seawater intrusion in the coastal aquifers is a major concern in India. What are the causes of seawater intrusion and the remedial measures to combat this hazard?,10,GS 3,Environment & Ecology,2025,"According to *Environmental Science and Pollution Research*, **7% of India's coastal area** faces seawater intrusion, with groundwater levels dropping below mean sea level. 

This phenomenon occurs when **saltwater displaces freshwater in coastal aquifers** due to various natural and human factors.

## Seawater Intrusion
![Seawater Intrusion](https://d1xzxglpo1zn8i.cloudfront.net/web/model-answer-images/Seawater+intrusion.jpg)

## Causes of Seawater Intrusion

### **Natural Factors:**
- **Climate Change**: Sea-level Rise due to Climate Change accelerates landward movement of the saltwater-freshwater interface.
- **Geological Structure**: Natural fractures and permeable rock formations facilitate saltwater movement.
- **Tidal Action**: Regular tidal movements create pressure gradients pushing seawater inland.
- **Topographic Features**: Low-lying coastal plains with minimal elevation gradients.
- **Storm Surges**: Cyclonic events temporarily raising sea levels and accelerating intrusion.

### **Anthropogenic Factors:**
- **Excessive Groundwater Extraction**: In Chennai and Nagapattinam, over-pumping for agriculture and urban needs has led to salinity in borewells.
- **Coastal Development**: Infrastructure projects disrupting natural recharge patterns.
- **Destruction of Natural Barriers**: Mangrove clearing reducing natural protection (40% loss in Sundarbans).
- **Agricultural Practices**: Intensive irrigation depleting freshwater aquifers.
- **Industrial Activities**: Heavy water consumption by coastal industries.

## Remedial Measures to Combat Seawater Intrusion

### **Policy and Planning Measures:**
- **National Aquifer Mapping (NAQUIM 2.0)**: Detailed mapping of 256 priority coastal districts.
- **Atal Bhujal Yojana**: Empowers local communities to manage groundwater resources by preparing Gram Panchayat-wise Water Security Plans (WSPs).
- **Coastal Regulation Zone (CRZ) Guidelines**: Restricting development within 500m of high tide line.
- **Water User Associations**: Involving local communities in water budgeting, groundwater monitoring, and rainwater harvesting.

### **Technical Solutions:**
- **Artificial Recharge Structures**: Construction of percolation tanks, recharge wells, and check dams. 
- **Injection Wells**: Creating freshwater barriers using treated wastewater.
- **Strategic Well Relocation**: Moving pumping stations inland (successful in Andhra Pradesh).
- **Desalination Plants**: Chennai's 100 MLD plant reducing groundwater dependency.
- **Managed Aquifer Recharge**: Controlled injection of freshwater during monsoons. Example: Managed Aquifer Recharge (MAR) pilot projects in Gujarat and Andhra Pradesh.

Addressing seawater intrusion requires **integrated coastal zone management** combining technological solutions with policy reforms. 

The success of **Gujarat's water grid system** demonstrates how strategic planning can effectively combat this growing environmental challenge."
49,Terrorism is a global scourge. How has it manifested in India? Elaborate with contemporary examples. What are the counter measures adopted by the State? Explain.,10,GS 3,Internal Security,2025,"India faces declining but persistent **terrorist threats**, with incidents reducing from **1,587 in 2004 to 85 in 2024**, demonstrating effective counter-terrorism strategies while new challenges emerge.

## Manifestation of Terrorism in India

### **Cross-Border Terrorism**:
- **Jammu and Kashmir**: Reasi bus attack (2024) killing 9 pilgrims, Pahalgam encounter (2025) with 26 casualties.
- **Pakistan-sponsored infiltration** through LoC with ISI-backed modules.
- **Drone warfare** emergence - 300+ drone sightings in J&K (2024).
- **Home-Grown Radicalization and Urban Terror** Involvement of indoctrinated youth in urban areas through online platforms. Lone-wolf attacks and self-radicalized modules are emerging challenges.

### **Left-Wing Extremism**:
- **Red Corridor** spanning 106 districts across 11 states.
- **Violent Attacks**: Naxalite groups use terror tactics to challenge State authority in parts of Chhattisgarh, Jharkhand, and Odisha. Example: IED blast in Dantewada (2023), killing 10 DRG personnel.
- **Economic disruption** of mining and infrastructure projects.
- **Tribal exploitation** through ideological indoctrination.

### **Regional Insurgencies**:
- **Northeast terrorism**: United Liberation Front of Asom (ULFA), National Democratic Front of Boroland (NDFB) activities in Assam.
- **Ethnic violence**: Ethnic-based insurgent groups have historically used violent methods for political demands. Example: 2023 ambush by PLA–Manipur-based insurgents targeting security forces near Indo–Myanmar border.
- **Nagaland ceasefire violations** by National Socialist Council of Nagaland (NSCN) factions.

## Counter Measures Adopted by the State

### **Operational Strategies**:
- **Operation Sindoor (2025)**: Cross-border strikes eliminating 15+ terrorists.
- **Area domination operations**: 24x7 patrolling in sensitive zones.
- **Technological Integration**: Use of AI-based surveillance, facial recognition, and cyber monitoring to track radical content and sleeper cells.
- **NATGRID**: for real-time data access across agencies.
- **Border management**: Smart fencing along Pakistan border.

### **Institutional Framework**:
- **National Investigation Agency (NIA)**: 4,000+ cases investigated since 2009.
- **Multi Agency Centre (MAC)**: Real-time intelligence sharing.
- **National Counter Terrorism Centre (NCTC)**: Coordination hub.
- **National Security Guard (NSG)**: for counter-terror operations.
- **Coastal Security Scheme**: Maritime domain awareness post-26/11.

### **Legislative Measures**:
- **UAPA amendments (2019)**: Individual designation as terrorists.
- **NIA Act expansion**: Jurisdiction over cyberterrorism.
- **Anti-Money Laundering Act**: Terror financing provisions.
- **Cyber security frameworks**: IT Act amendments for digital threats.

### **International Cooperations**:
- Intelligence sharing with Interpol, FATF, and bilateral counter-terror mechanisms (e.g., with USA, Israel, and France).
- Active participation in UN Counter-Terrorism Strategy.

### **Socio-Economic and De-Radicalization Measures**
- Skill training, education, and employment in affected regions (e.g., Aspirational District Programme).
- Community engagement and counter-narratives to prevent radicalization.

India's **comprehensive counter-terrorism approach** combining kinetic operations, legislative reforms, and development initiatives has significantly reduced terrorist incidents, with continued focus on **technological upgradation** and **international cooperation** through FATF and UN frameworks."
50,The Government of India recently stated that Left Wing Extremism (LWE) will be eliminated by 2026. What do you understand by LWE and how are the people affected by it? What measures have been taken by the government to eliminate LWE?,10,GS 3,Internal Security,2025,"Recent MHA data shows **85% decline in LWE violence** since 2010, with affected districts reduced from 126 to 38, demonstrating success of government's integrated approach.

## Understanding Left Wing Extremism

**LWE refers to violent insurgency** by Maoist groups seeking to overthrow the state through armed revolution, exploiting socio-economic grievances in tribal areas.

- **Ideological Foundation**: Based on **Marxist-Leninist principles** advocating violent overthrow of existing system.
- **Geographical Spread**: Operates in ""Red Corridor"" across Chhattisgarh, Jharkhand, Odisha, Bihar, and Maharashtra. 
![Erstwhile Red Corridor](https://d1xzxglpo1zn8i.cloudfront.net/web/model-answer-images/Red+Corridor.jpg)
- **Organizational Structure**: Led by CPI (Maoist) with estimated 6,000-7,000 active cadres.
- **Target Areas**: Focuses on tribal belts with mineral wealth and forest resources.
- **Revenue Sources**: Extortion from mining companies, contractors, and illegal levy collection.

## Impact on People Affected by LWE

### **Security and Human Cost:**
- **374 violent incidents** in 2024 resulting in 150 casualties including civilians and security personnel. Example: Dantewada IED blast (2023) killed 10 security personnel.
- Displacement of tribal communities due to cross-fire between security forces and Maoists.
- Recruitment of tribal youth through coercion and ideological indoctrination.
- Attacks on development projects, schools, and healthcare facilities.

### **Developmental Impediments:**
- Obstruction of road construction, mining operations, and industrial projects.
- Limited access to education with **40% schools closed** in worst-affected districts.
- Healthcare delivery disrupted affecting maternal and child mortality rates.
- Economic activities severely impacted in mineral-rich tribal areas.

## Government Measures to Eliminate LWE

### **Security Initiatives:**
- **SAMADHAN Strategy**: Comprehensive approach involving smart leadership, aggressive operations, and actionable intelligence.
- **COBRA Forces**: Deployment of 10 specialized battalions trained for jungle warfare.
- **Greyhounds Model**: Adoption of Andhra Pradesh's successful anti-Maoist strategy.
- **Fortified Police Stations**: Establishment of 400+ fortified outposts, anti-IED equipment, UAVs, and modern arms.
- **Intelligence and Technology Use**: Real-time coordination through **Multi-Agency Centre (MAC)** and **Operation Octopus**. Use of drones, satellite mapping, and GPS tracking to counter Maoist hideouts.

### **Development Programs:**
- **Dharti Aaba Janjatiya Gram Utkarsh Abhiyan**: To bridge critical gaps in infrastructure, health, education, and livelihoods in tribal-majority areas. 
- **Road Connectivity**: Construction of 17,000 km roads under Road Connectivity Plan in LWE Affetected Areas (RCPLWE) scheme.
- **Digital Infrastructure**: Installation of 7,768 mobile towers improving connectivity.
- **Special Central Assistance**: ₹3,563 crore allocated for development in 90 districts.

### **Rehabilitation Measures:**
- **Surrender Policy**: Financial assistance and skill development for surrendered Maoists.
- **Civic Action Programs**: Healthcare camps, educational initiatives by security forces.
- **Employment Generation**: MGNREGA implementation and skill development centers.

The government's **""Security and Development""** twin approach has yielded significant results. With continued implementation of **Aspirational Districts Programme** and enhanced tribal welfare schemes, complete elimination of LWE by 2026 appears increasingly feasible."
51,Explain how the Fiscal Health Index (FHI) can be used as a tool for assessing the fiscal performance of states in India. In what way would it encourage the states to adopt prudent and sustainable fiscal policies?,15,GS 3,Economy,2025,"The **Fiscal Health Index (FHI) 2025**, developed by NITI Aayog, provides a composite tool to assess the fiscal performance of Indian states and encourages them to pursue sustainable fiscal practices. 

Covering eighteen major states, it measures fiscal health through five key parameters using data from the Comptroller and Auditor General of India (CAG).

## FHI as a Tool for Assessing Fiscal Performance

| Aspect                       | How FHI Assesses                                                                                                                      | Examples                                                                                    |
| ---------------------------- | ------------------------------------------------------------------------------------------------------------------------------------- | ------------------------------------------------------------------------------------------- |
| **Standardised Measurement** | Evaluates states on revenue mobilisation, expenditure quality, debt management, fiscal deficit management, and overall sustainability | Provides comprehensive view beyond deficit figures                                          |
| **Revenue Mobilisation**     | Measures own tax & non-tax revenues, tax buoyancy                                                                                     | Odisha, Jharkhand, Goa, Chhattisgarh mobilised ~21% of total revenues from non-tax sources |
| **Expenditure Management**   | Tracks efficiency & capital spending priorities                                                                                       | Odisha, Goa, Karnataka allocated ~27% to capital works; Punjab, West Bengal ~10%          |
| **Debt & Deficit Analysis**  | Analyses debt-to-GSDP ratios, fiscal deficit levels                                                                                   | Odisha strong debt profile (score 67.8); Punjab, West Bengal high unsustainable debt        |
| **Comparative Benchmarking** | Ranks states to show best and worst performers                                                                                        | Odisha, Chhattisgarh, Goa at top; Punjab, Andhra Pradesh, Kerala, West Bengal at bottom     |
| **Transparency**             | Publishes comparable fiscal data                                                                                                      | Enables evidence-based policymaking and accountability                                      |

## How FHI Encourages Prudent and Sustainable Fiscal Policies

* **Improves Spending Quality:** States are nudged to prioritise capital expenditure on infrastructure and social sectors rather than unsustainable revenue expenditure. For example, Odisha and Madhya Pradesh allocated nearly 27% of developmental spending to capital outlay, compared to Punjab and West Bengal at around 10%.

* **Debt Sustainability Discipline:** By exposing rising debt burdens, FHI pushes states to adhere to FRBM targets and avoid excessive off-budget borrowings. Odisha’s debt-to-GSDP ratio at \~22% shows prudence, while Punjab’s \~46% ratio highlights risks.
* **Revenue Reforms:** States with weak mobilisation are encouraged to strengthen GST compliance, widen their tax base, and diversify non-tax revenue. Odisha’s mining premiums and Chhattisgarh’s coal block auctions generated over 20% of revenue from non-tax sources.
* **Competitive Federalism:** Rankings foster competition, motivating states to improve performance to gain reputational and economic advantages. Goa’s strong revenue surplus and Chhattisgarh’s fiscal prudence have set benchmarks.
* **Policy Replication:** Best practices of top performers (e.g., Odisha’s robust debt management, Goa’s capital spending efficiency) create models for weaker states to adopt.
* **Informed Transfers:** FHI can guide Finance Commission transfers and central schemes, linking resource allocation with fiscal responsibility; for instance, 15th FC incentives for power sector and local body reforms can be tied with FHI results.

The **Fiscal Health Index** is not merely a ranking exercise but a diagnostic and motivational tool. FHI boosts the **fiscal health of states** by guiding better tax administration, debt management, and expenditure quality, thereby improving their overall economic condition while reinforcing fiscal federalism."
52,Discuss the rationale of the Production Linked Incentive (PLI) scheme. What are its achievements? In what way can the functioning and outcomes of the scheme be improved?,15,GS 3,Economy,2025,"The **Production Linked Incentive (PLI) Scheme**, launched in 2020, is a cornerstone of India’s strategy to transform its manufacturing sector. 

In the **Union Budget 2025-26**, allocations for key PLI sectors were scaled up significantly. For instance, Electronics and IT Hardware saw an increase from ₹5,777 crore to ₹9,000 crore

## Rationale of the PLI Scheme

* **Self-Reliance:** Reduce import dependence in critical sectors by building domestic capacity. For example, India’s heavy reliance on bulk drugs like Penicillin G and electronics imports is being offset by PLI-supported local production, lowering vulnerabilities.

* **Boost Manufacturing Capacity:** Incentivise firms to expand production and achieve scale. The electronics sector shows this clearly, with domestic mobile output rising from 5.8 crore units (2014-15) to 33 crore units (2023-24), backed by PLI incentives.
* **Export Competitiveness:** Position India in global value chains by enhancing export potential. Exports of mobile phones alone touched ₹90,000 crore in 2023, reflecting how PLI is making Indian products internationally competitive.
* **Investment & Employment:** Stimulate FDI inflows and generate large-scale jobs. By 2024, investments worth ₹1.46 lakh crore were realised under PLI, creating nearly 9.5 lakh jobs across electronics, pharma, and auto sectors.
* **Innovation & Green Growth:** Encourage R&D and align growth with sustainability. For instance, the PLI scheme for ACC battery storage and solar PV modules (₹19,500 crore outlay for 65 GW capacity) is pushing India towards renewable energy leadership and green manufacturing.

## Achievements so far

| **Area**                        | **Achievement / Data**                                                                                                                                                                   |
| ------------------------------- | ---------------------------------------------------------------------------------------------------------------------------------------------------------------------------------------- |
| **Investments & Output**        | By August 2024, realised investments reached ₹1.46 lakh crore, projected to cross ₹2 lakh crore in 2025; production and sales surged to ₹12.5 lakh crore                                 |
| **Employment**                  | About 9.5 lakh jobs created directly and indirectly; expected to rise to 12 lakh soon                                                                                                    |
| **Exports**                     | Surpassed ₹4 lakh crore, driven by electronics, pharma, and food processing                                                                                                              |
| **Electronics**                 | Mobile phone production rose from 5.8 crore units (2014-15) to 33 crore units (2023-24); India became a net exporter with 5 crore units exported; FDI inflows increased by 254%          |
| **Pharma & Medical Devices**    | India became 3rd largest pharma producer by volume; 50% of production exported; reduced import dependence on bulk drugs like Penicillin G; began local production of MRI and CT scanners |
| **Automotive**                  | With an outlay of ₹20,750 crore, attracted ₹67,690 crore (US $ 8.15 bn) investments, far exceeding targets; strengthened position in high-tech auto components                           |
| **Renewable Energy (Solar PV)** | Phase I outlay of ₹4,500 crore created base capacity; Phase II (₹19,500 crore) aims for 65 GW integrated solar module capacity                                                           |
| **Telecom**                     | Achieved 60% import substitution in telecom equipment; India turned into an exporter of 4G and 5G gear                                                                                   |
| **Drones**                      | Turnover increased seven-fold, driven by MSMEs and start-ups, positioning India as a global drone manufacturing player                                                                   |

## Areas for Improvement

1. **Faster disbursal and transparency**
   While investments are flowing in, delayed release of incentives weakens industry confidence. A clear, time-bound online portal for claims would reduce uncertainty and encourage more firms to commit resources.

2. **Boosting domestic value addition**
   India’s electronics exports are rising, but local content in mobiles is still around 20–25 percent. Unless incentives are tied to higher value addition, the scheme risks turning India into an assembly hub rather than a true manufacturing base.

3. **Addressing sectoral imbalance**
   Electronics and pharma have outperformed, but textiles and white goods lag behind. Recalibrating incentive slabs and aligning product lists with global demand would ensure balanced benefits across sectors.

4. **Support for MSMEs**
   High investment thresholds keep smaller firms out. Creating a separate track with lower entry barriers would allow MSMEs to integrate into global supply chains and spread benefits more widely.

5. **Encouraging R&D and design**
   Currently, PLI rewards scale but not innovation. Linking a portion of incentives to patents, indigenous design, and technology development would help India move up the value chain and not just compete on low costs.

6. **Export competitiveness**
   Export growth is strong in mobiles, but other sectors struggle due to logistics costs and regulatory bottlenecks. Incentives tied to net forex earnings and smoother trade facilitation can broaden India’s export basket under PLI.

To maximise outcomes, greater focus on timely execution, balanced sectoral spread, SME inclusion, and export integration is needed. Done well, PLI can cement India’s rise as a **global manufacturing leader** and accelerate its path to a **$5 trillion economy**."
53,Examine the factors responsible for depleting groundwater in India. What are the steps taken by the government to mitigate such depletion of groundwater?,15,GS 3,Environment & Ecology,2025,"Groundwater depletion has emerged as one of the most serious environmental risks for India, with the **UNU-EHS ranking it among the top six tipping points globally**. India is already the **largest user of groundwater in the world**, surpassing the combined usage of the USA and China.&#x20;

## Factors Responsible for Groundwater Depletion

| Factor                                  | Details                                                                                                                                                         | Examples                                                            |
| --------------------------------------- | --------------------------------------------------------------------------------------------------------------------------------------------------------------- | ------------------------------------------------------------------- |
| **Agricultural Over-extraction**        | Nearly 80% of groundwater is used for irrigation, especially in paddy and wheat belts. Subsidised electricity and free borewells encourage unregulated pumping. | Punjab and Haryana where 78% of wells are over-exploited            |
| **Inefficient Irrigation Practices**    | Flood irrigation dominates with only 35–40% water use efficiency.                                                                                               | Contrast with drip and sprinkler systems in Gujarat and Maharashtra |
| **Urbanisation and Industrialisation**  | Rapidly growing cities and industries increase demand, leading to overdrawal of aquifers.                                                                       | Delhi, Bengaluru, Chennai; textile hubs in Tamil Nadu               |
| **Climate Change and Erratic Rainfall** | Reduced recharge and increased pumping during droughts; climate change projected to worsen depletion.                                                           | Studies suggest depletion may triple by 2080                        |
| **Environmental and Ecological Impact** | Over-extraction dries wetlands and rivers, reduces biodiversity, and causes land subsidence.                                                                    | Land subsidence in North India’s aquifers                           |
| **Quality Deterioration**               | Over-pumping increases concentration of minerals and pollutants.                                                                                                | Arsenic contamination in West Bengal; fluoride in Andhra Pradesh    |

## Steps Taken by the Government

1. **National Policy and Legal Framework**

   * **Model Groundwater (Sustainable Management) Bill, 2017:** Provides a framework for states to regulate extraction through permits and water budgeting.
   * **Groundwater Regulation by CGWA:** Notification of over-exploited blocks and mandatory permission for new borewells.

2. **National Schemes**

   * **Atal Bhujal Yojana (2019):** ₹6,000 crore World Bank-assisted scheme for sustainable groundwater management in 7 states.
   * **Jal Shakti Abhiyan (2019):** Mission-mode campaign for rainwater harvesting, watershed development, and aquifer recharge across 256 districts.
   * **National Water Policy (2012, under revision):** Prioritises water use efficiency and sustainable groundwater use.

3. **Water-use Efficiency**

   * **PM Krishi Sinchayee Yojana & Per Drop More Crop:** Incentives for drip and sprinkler irrigation to improve efficiency.
   * Expansion of micro-irrigation with central subsidies under centrally sponsored programmes.

4. **Recharge and Conservation Initiatives**

   * **National Rainwater Harvesting Mission:** Promotes mandatory rainwater harvesting in urban and rural areas.
   * Central support for watershed development programmes like **Integrated Watershed Management Programme (IWMP)**.

5. **Technology and Monitoring**

   * **National Aquifer Mapping Programme (NAQUIM):** Mapping aquifers across 23 million sq. km for better planning.
   * Use of **remote sensing, GIS mapping, and real-time digital groundwater monitoring** supported by the Ministry of Jal Shakti.

6. **Awareness and Behavioural Change**

   * **Jal Jeevan Mission (2019):** Focuses on household tap water supply and water conservation awareness.
   * **Swachh Bharat Mission convergence:** Linking sanitation, safe water, and behaviour change.

Looking ahead, solutions include **incentivising futuristic crop shifts** by linking MSP to climate-resilient crops like millets and pulses, piloting a **digital groundwater credit trading platform**, and enforcing **mandatory recharge obligations** for urban infrastructure. 

Leveraging **AI-driven forecasting tools** and creating **district-level groundwater cooperatives** can future-proof India’s water governance and ensure long-term sustainability."
54,Examine the scope of the food processing industries in India. Elaborate the measures taken by the government in the food processing industries for generating employment opportunities.,15,GS 3,Economy,2025,"India’s food processing sector is one of the fastest-growing industries, poised to reach **US $ 1,274 billion by 2027**, up from **US\$ 866 billion in 2022**. 

The sector contributes significantly to the economy, accounting for **8.8% of GVA in manufacturing**, **8.39% in agriculture**, **13% of India’s exports**, and **6% of total industrial investment**

## Scope of Food Processing Industries in India

| Aspect                       | Data/Details                                                                                                                                                                                                                                                                                   |
| ---------------------------- | ---------------------------------------------------------------------------------------------------------------------------------------------------------------------------------------------------------------------------------------------------------------------------------------------- |
| **Strong raw material base** | India produces \~230 million tonnes of milk annually (25% of global output) and 11.8 million tonnes of spices (FY24), ranking first in both. It is the second-largest producer of fruits (204 MT) and vegetables (200 MT), and ranks second in egg production with 138 billion eggs (2023-24). |
| **Agro-climatic diversity**  | With 127 agro-climatic zones, India produces 330 MT of foodgrains (2022-23), 26 MT of pulses, 17 MT of fish, along with diverse horticulture, dairy, and meat products ensuring continuous raw material supply.                                                                                |
| **Rising domestic demand**   | Processed food consumption projected to reach US\$ 1.2 trillion by 2025–26, driven by urbanisation and a growing middle class.                                                                                                                                                                 |
| **Export and FDI potential** | Food processing contributes 13% of India’s exports and attracted ₹1.12 lakh crore (US\$ 13.1 billion) FDI between April 2000–March 2025.                                                                                                                                                       |
| **Future growth trajectory** | Under Viksit Bharat 2047, the sector is projected to surpass US\$ 2,150 billion, reflecting long-term potential.                                                                                                                                                                               |

## Government Measures to Promote Food Processing and Employment

1. **PM Kisan Sampada Yojana (PMKSY)**

   * Umbrella scheme with allocation of ₹4,600 crore (till 2026).
   * Components include **Mega Food Parks**, Cold Chains, Agro-Processing Clusters, and Operation Greens.
   * As of Feb 2025: **1608 projects approved**, including **41 Mega Food Parks** and **394 Cold Chains**, disbursing ₹6,198.76 crore.
   * **Impact:** Large-scale employment creation, reduced post-harvest losses, better farmer income.

2. **Production Linked Incentive Scheme for Food Processing (PLISFPI)**

   * Outlay: ₹10,900 crore (2021–27).
   * Supports RTC/RTE foods, millet-based products, processed fruits & vegetables, marine products, and mozzarella cheese.
   * As of 2024: **₹8,910 crore invested across 213 locations**, generating **2.89 lakh jobs** and boosting exports of Indian brands.
   * Reimburses up to **50% of expenditure** on international branding and marketing.

3. **PM Formalisation of Micro Food Processing Enterprises (PMFME)**

   * Outlay of ₹10,000 crore, extended till 2025–26.
   * Targets **2 lakh micro-enterprises**, adopting “**One District One Product**” approach.
   * Provides credit-linked subsidies, modernisation, and skill training.
   * **Impact:** Formalisation of unorganised sector, improved credit access, rural employment.

4. **Mega Food Parks and Infrastructure Push**

   * Plug-and-play infrastructure in agriculturally rich areas.
   * Recognised under Harmonised List of Infrastructure Sub-sectors (HLIS) for easier credit.
   * Boosts employment at local levels through food clusters, packaging, logistics, and cold chains.

5. **Skill Development and Quality Assurance**

   * Financial support for **100 new NABL-accredited food testing labs (2025-26)** to improve quality and safety.
   * Skill training for workers under PMFME and collaboration with state agricultural universities for product diversification.

6. **World Food India Platform**

   * Biennial global event (latest in 2024) connecting Indian producers with global investors.
   * Promotes investment, export linkages, and technology partnerships, positioning India as a global food hub.

Going forward, expansion of cold chain capacity, branding of Indian products abroad, and integration of MSMEs into global value chains will further boost employment, reduce wastage, enhance farmer incomes, and make India a **global leader in food processing**."
55,How does nanotechnology offer significant advancements in the field of agriculture? How can this technology help to uplift the socio-economic status of farmers?,15,GS 3,Science & Technology,2025,"Nanotechnology applies materials sized **1–100 nm** to enhance efficiency of agricultural inputs. 

The **Department of Biotechnology’s 2020 Guidelines** classify such interventions as **Nano-Agri Input Products (NAIPs)** and **Nano-Agri Products (NAPs)**. These innovations are reshaping crop production, protection, and food systems.

### Nanotechnology in Agriculture – Advancements

* **Nano-fertilizers:** These provide nutrients in a controlled and targeted way, improving efficiency and reducing wastage. They help crops absorb nitrogen, zinc, or iron more effectively, which means healthier growth with less chemical use. For instance, **Nano-urea developed by IFFCO** allows farmers to halve the amount of conventional urea they apply without losing yield.

* **Nano-pesticides and herbicides:** These are designed to release their active ingredients slowly and steadily, ensuring longer protection against pests and weeds. This reduces the overall chemical load on the field and makes farming safer for soil and water. For example, copper and zinc nanopesticides have been shown to protect cotton and maize crops with fewer sprays.

* **Nano-biofertilizers and carriers:** Nanocarriers are used to deliver beneficial microbes, pheromones, or growth regulators in a gradual manner. This improves soil health and ensures that the microbes remain active longer. Farmers using such inputs need to apply them less frequently, reducing labour costs.

* **Nanosensors:** These tiny devices monitor soil nutrient levels, water stress, or pest infestations in real time. By warning farmers early about deficiencies or diseases, they prevent major crop losses. Paddy farmers, for example, can adjust fertiliser use as soon as nitrogen levels drop.

* **Food & Post-harvest Applications:** Nanotechnology is also used after harvest, where nanocomposite packaging materials keep fruits and vegetables fresh for longer. This reduces spoilage during transport and storage, helping farmers secure better prices in distant markets.

* **Environmental Sustainability:** By lowering chemical runoff and leaching, nano-inputs protect surrounding soils and water bodies. Using nano-biochar or metal oxide nanoparticles, farmers can also improve soil fertility and reduce greenhouse gas emissions.

### Socio-Economic Upliftment of Farmers

| **Aspect**                          | **Explanation**                                                                                                                            | **Example**                                                                                        |
| ----------------------------------- | ------------------------------------------------------------------------------------------------------------------------------------------ | -------------------------------------------------------------------------------------------------- |
| **Higher Yields, Lower Costs**      | Small farmers often overuse urea to secure yields; nano-fertilisers reduce input requirement while maintaining productivity, saving money. | **Nano-urea (IFFCO)** halves conventional urea use without loss of yield.                          |
| **Reduced Wastage**                 | Precision release of nano-fertilisers and pesticides ensures efficient use, reducing unnecessary spraying and costs.                       | Cotton farmers can cut pesticide expenses while protecting crops effectively.                      |
| **Better Market Value**             | Nano-packaging extends shelf life of perishables, reducing spoilage and enabling farmers to sell at better prices in urban markets.        | Tomatoes and mangoes reach distant markets without losing quality.                                 |
| **Risk Reduction**                  | Nanosensors give early warnings of nutrient deficiency or pest attack, preventing major crop losses and improving farmer confidence.       | Paddy farmers adjust fertiliser use when nitrogen levels drop.                                     |
| **Sustainability & Policy Support** | National guidelines ensure safe adoption and encourage grassroots usage, protecting the environment and reassuring farmers.                | DBT’s 2020 guidelines and the **National Mission on Sustainable Agriculture** promote nano-inputs. |
| **Employment & Skills**             | Nano-based agri supply chains create jobs for rural youth in input distribution, testing, and packaging.                                   | Farmer cooperatives distribute nano-fertilisers, generating local income streams.                  |

With nanosensors linked to AI tools, nano-based soil enhancers, and advanced packaging for exports, farmers could earn more and reduce risks. Strong policy support and training will help turn agriculture into a future-ready and competitive sector."
56,India aims to become a semiconductor manufacturing hub. What are the challenges faced by the semiconductor industry in India? Mention the salient features of the India Semiconductor Mission.,15,GS 3,Science & Technology,2025,"India's semiconductor market, valued at **$38 billion in 2023**, is projected to reach **$100-110 billion by 2030**. The **India Semiconductor Mission (ISM)** represents India's strategic push towards technological sovereignty.

## Challenges Faced by the Semiconductor Industry in India

### **Infrastructure and Power Constraints**
-  **Unreliable Power Supply**: Continuous 24/7 fab operations require quality power (99.9999% uptime), currently a challenge in India.
- **Inadequate Clean Room Facilities**: Global fabs like TSMC use Class 1 cleanrooms, India has limited facilities.
- **Poor Logistics Network**: High-value semiconductor imports often pass through congested ports; no specialised “chip corridor” yet.
- **Water Scarcity**: A single fab can consume ~10 million litres/day (example: Intel’s fabs in Arizona), posing stress in water-deficit states.
- **Limited Testing Infrastructure**: Shortage of advanced testing and validation facilities and India depends on Taiwanese/US labs for high-end chip testing.


### **Resource and Skill Challenges**
- **Critical Material Shortage**: Reliance on imports of rare earths (mainly from China, ~85% market share).
- **Skilled Workforce Gap**: Report by Electronics Sector Skills Council: shortage of 250,000–350,000 chip engineers by 2027.
- **High Capital Investment**: Setting up an advanced fab costs $15–20 billion, compared to $5 billion for a steel plant.
- **Technology Access**: Restrictions on advanced semiconductor manufacturing technologies. US export bans on sub-7 nm technologies limit India’s entry into cutting-edge segments.
- **Long Gestation Period**: 5–7 years before returns, deterring private investors compared to IT services or startups.


## Salient Features of the India Semiconductor Mission

| **Component** | **Allocation** | **Purpose** | **Value Addition** |
|---------------|---------------|-------------|---------------------|
| Manufacturing Incentives | ₹62,900 crore | Semiconductor fab setup |~50% cost subsidy, in line with US CHIPS Act and EU Chips Act|
| Infrastructure Development | ₹10,000 crore | Modernizing Mohali Lab |Potential hub for compound semiconductors & R&D|
| Design Linked Incentive | ₹1,000 crore | Design capabilities |India has ~30 fabless startups (e.g., Saankhya Labs)|


### **Key Strategic Elements**
- **Employment Generation**: Target 1 million direct/indirect jobs by 2026, aiding demographic dividend.
- **Global Partnerships**: MoUs with TSMC (Taiwan), Samsung (Korea), Micron (USA), and Japan for knowledge transfer.
- **State-level Support**: Dholera (Gujarat): Micron’s $2.7 bn plant; Karnataka: design & R&D cluster.
- **Research Focus**: IIT Madras, IISc Bengaluru working on indigenous fab tech & compound semiconductors (GaN, SiC).
- **Supply Chain Integration**: Focus on local sourcing of wafers, chemicals, testing units under Atmanirbhar Bharat.


India’s semiconductor journey faces **structural bottlenecks** in infrastructure, resources, and skills. Yet, through **ISM, global tie-ups, and design-led innovation**, India can position itself as a **trusted alternative to China** and a key player in **the $574 billion global semiconductor market**."
57,Mineral resources are fundamental to the country’s economy and these are exploited by mining. Why is mining considered an environmental hazard? Explain the remedial measures required to reduce the environmental hazard due to mining.,15,GS 3,Environment & Ecology,2025,"India's mining sector, contributing **12% to industrial GDP**, faces mounting environmental challenges requiring urgent remedial interventions.

## Why Mining is Considered an Environmental Hazard

### **1. Land Degradation and Habitat Loss:**
- **Surface mining** removes entire topsoil layers, leading to desertification risks (as seen in Rajasthan).
- **Subsidence** in underground mining creates unstable terrain, damaging houses, rail lines, and roads.
- **Overburden dumps** alter hydrological cycles and cause frequent landslides (Jharkhand, Meghalaya).
- **Deforestation** for mining reduces carbon sequestration capacity, worsening climate change.
- **Example:** **Jharia coalfields** in Jharkhand have rendered 17,000 hectares unsuitable for habitation

### **2. Water Resource Contamination:**
- **Acid Mine Drainage (AMD)** releases heavy metals like lead, arsenic, and mercury, damaging aquatic ecosystems.
- **Water table depletion** due to deep mining increases irrigation stress in surrounding villages.
- **Sedimentation** reduces reservoir life—e.g., **the Damodar River basin** is facing heavy siltation.
- **Chemical leaching** from tailings raises cancer risks in communities.
- **Example:** **Sukinda chromite mines** in Odisha contaminated local water with hexavalent chromium

### **3. Air Pollution and Health Hazards:**
- **Fugitive dust** causes chronic bronchitis and TB in mining belts, along with other respiratory diseases.
- **Particulate matter (PM 2.5/PM 10)** exceeds CPCB norms by 4–6 times in mining clusters like Dhanbad.
- **Toxic gas emissions** from coal mines contribute to India’s fugitive emissions (3% of GHG share).
- **Silicosis** and **pneumoconiosis** prevalent among miners. Over 3 lakh miners in India are at risk of silicosis (ILO report).
- **Example:** **Bellary iron ore mines** in Karnataka recorded PM levels 5 times WHO standards

## Remedial Measures Required

### **1. Technological Interventions:**
- Implementation of **precision mining techniques** to minimize waste generation
- Installation of **automated dust suppression systems** and real-time air quality monitoring
- Adoption of **in-situ leaching** and **underground coal gasification** for reduced surface disturbance
- Use of **bio-remediation** techniques for treating contaminated soil and water
- Example: **Coal India Limited** deployed **continuous miner technology** reducing surface disruption by 40%

### **2. Environmental Management Practices:**
- Mandatory **Environmental Impact Assessment (EIA)** with public consultations
- Development of **comprehensive mine closure plans** before operations begin
- Creation of **buffer zones** and **green belts** around mining sites
- Implementation of **water recycling systems** and **zero liquid discharge** facilities
- Example: **Hindustan Zinc's** Rajasthan operations achieved **95% water recycling**

### **3. Regulatory and Policy Measures:**
- Strict enforcement of **Sustainable Development Framework** under MMDR Act 2015
- Establishment of **Mine Rehabilitation Funds** with mandatory contributions
- Regular **third-party environmental audits** and compliance monitoring
- Integration of **community participation** in environmental management
- Example: **District Mineral Foundation** in Odisha allocated ₹2,000 crores for affected communities

The transition toward **sustainable mining practices** through the **National Mineral Policy 2019** and **green mining initiatives** can balance resource extraction with environmental stewardship for future generations."
58,"Write a review on India’s climate commitments under the Paris Agreement (2015) and mention how these have been further strengthened in COP26 (2021). In this direction, how has the first Nationally Determined Contribution intended by India been updated in 2022?",15,GS 3,Environment & Ecology,2025,"India's updated NDCs in 2022 reflect enhanced climate ambition, building upon commitments made at COP26 Glasgow. These demonstrate India's leadership in **global climate action** while balancing developmental priorities.

## India's Climate Commitments under Paris Agreement (2015)

### **Original NDC Targets:**
- Reduce **emissions intensity by 33-35%** (from 2005 levels) by 2030 → aligned with **CBDR principle**.
- Achieve **40% cumulative electric power capacity from non-fossil fuel** by 2030 → already achieved in 2021, 9 years early.
- Create additional **carbon sink of 2.5-3 billion tonnes** CO2 equivalent through afforestation and tree cover.
- Mobilize **international climate finance** ($2.5 trillion needed) for mitigation & adaptation.

### **Key Initiatives Launched:**
- **National Solar Mission** targeting 100 GW solar capacity, India now has 70+ GW installed (2023).
- **National Action Plan on Climate Change (NAPCC)** with 8 missions
- **International Solar Alliance (ISA)** co-founded with France.
- **Perform, Achieve and Trade (PAT)** scheme reduced 92 Mtoe energy consumption, saving ₹9,500 crores.


## Strengthened Commitments at COP26 (2021)

### **Panchamrit Strategy Announced:**
- Achieve **Net-Zero emissions by 2070** (India = only G20 country to link net-zero with development justice).
- Increase non-fossil fuel electricity capacity to **500 GW by 2030**
- Meet **50% electricity requirements** from renewable sources by 2030
- Reduce **emissions intensity by 45%** by 2030 (enhanced from 35%)
- Reduce **1 billion tonnes CO2** emissions by 2030.

### **Additional Commitments:**
- **Coalition for Disaster Resilient Infrastructure (CDRI)** leadership -> global hub on climate adaptation.
- **Green Hydrogen Mission** with $2.4 billion investment.
- **LiFE (Lifestyle for Environment)** movement promotion, behavioural change model, endorsed by UN.


## Updated Nationally Determined Contributions (2022)

### **Enhanced Quantitative Targets:**

| Parameter | 2015 NDC | 2022 Updated NDC | **Progress**|
|-----------|----------|------------------|-------------|
| Emissions Intensity Reduction | 33-35% | **45%** |Already ~33% achieved|
| Non-fossil Fuel Capacity | 40% | **50%** |42% reached (2022)|
| Carbon Sink | 2.5-3 billion tonnes | **2.5-3 billion tonnes** |Lagging: afforestation rate less than 0.3% annually|
| Timeline | By 2030 | By 2030 |On track in energy, behind in forestry|


### **Key Sectoral Updates:**
- **Transport sector**: 30% EV penetration target under **National Electric Mobility Mission**; FAME II subsidies.
- **Industrial sector**: Enhanced **PAT scheme** covering additional sectors
- **Agriculture**: Climate-resilient practices through **National Adaptation Fund**
- **Urban sector**: Smart Cities Mission incorporating climate considerations
- **Forestry**: Increased forest cover from 21% to **33% of total land area**

### **Implementation Mechanisms:**
- **Production Linked Incentive (PLI)** schemes for solar PV and battery manufacturing
- **Green Climate Fund** access for $2.5 billion
- **National Clean Air Programme** targeting 20-30% pollution reduction
- **Swachh Bharat Mission** contributing to methane emission reduction

India's climate trajectory from Paris to COP26 showcases proactive leadership, with the country already achieving several targets ahead of schedule. The **LiFE movement** and enhanced NDCs position India as a responsible global climate actor."
59,What are the major challenges to internal security and peace process in the North-Eastern States? Map the various peace accords and agreements initiated by the government in the past decade.,15,GS 3,Internal Security,2025,"The **2023-24 Manipur ethnic violence** and cross-border infiltration have intensified Northeast India's security challenges despite multiple peace accords signed in the past decade.

## Challenges to Internal Security in North-Eastern States

### **Ethnic and Communal Tensions:**
- **Meitei-Kuki clashes in Manipur** (2023-24): Over 200 deaths, 60,000+ displaced (MHA data, 2024).
- Inter-tribal conflicts over **Scheduled Tribe status** and land rights.
- Religious polarization between Christian tribals and Hindu valley communities.
- **Identity-based politics** fueling separatist sentiments.
- **Competition for scarce resources** among different ethnic groups.

### **Cross-Border Security Threats:**
- **1,643 km porous international border** with Myanmar, Bangladesh, and China.
- Illegal arms trafficking through **Golden Triangle** drug routes. 
![Golden Crescent and Golden Triangle](https://d1xzxglpo1zn8i.cloudfront.net/web/model-answer-images/14.%20Golden%20Crescent%20and%20triangle.jpg)
- Cross-border movement of **ARSA militants** from Myanmar.
- **Rohingya infiltration** creating demographic pressures.
- Chinese border infrastructure development challenging territorial integrity.

### **Insurgency and Militancy:**
- Active presence of **ULFA(I), NSCN factions, and PLA** groups.
- **Extortion networks** affecting economic development.
- Recruitment of youth through social media and unemployment.
- **Drug trafficking-insurgency nexus** in border areas.
- Safe havens in neighboring countries enabling regrouping.


## Peace Accords and Agreements (2014-2024)

| Year | Agreement | Groups Involved | Key Outcomes |
|------|-----------|----------------|--------------|
| 2020 | **Bodo Peace Accord** | ABSU, NDFB factions | 1,615 cadres surrendered |
| 2021 | **Karbi Peace Accord** | KLNLF, UPDS | Autonomy for Karbi areas |
| 2023 | **UNLF Peace Agreement** | UNLF (Manipur) | Valley's largest group joined mainstream |


### **Major Peace Initiatives:**
- **Suspension of Operations (SoO)** agreements with 25+ Manipur groups.
- **Framework Agreement** with NSCN(IM) addressing Naga aspirations.
- **Bru-Reang settlement** rehabilitating 37,000+ displaced persons.
- **NLFT(SD) surrender** bringing peace to Tripura hills.
- **Assam Rifles-civil administration coordination** improving security.

### **Impact Assessment:**
- **85% reduction** in insurgency incidents since 2014.
- Over **11,000 militants** surrendered through various accords.
- **AFSPA relaxation** in multiple districts of Assam, Manipur.
- **₹8,000 crore development package** allocated post-agreements.
- Establishment of **peace dividends** through infrastructure projects.

The **Comprehensive Integrated Border Management System** and sustained dialogue approach represent India's commitment to lasting peace in the strategically vital Northeast region."
60,Why is maritime security vital to protect India’s sea trade? Discuss maritime and coastal security challenges and the way forward.,15,GS 3,Internal Security,2025,"India's **maritime trade worth $800 billion annually** faces escalating threats, with recent Houthi attacks disrupting Red Sea shipping routes affecting 12% of global trade.

## Vital Role of Maritime Security in Protecting India's Sea Trade

### **1. Economic Significance**:
- **95% of India's trade by volume** and **68% by value** passes through sea routes
- Major ports handle cargo worth over **$500 billion annually**
- **Mumbai Port** alone contributes 20% to India's total port traffic
- Disruption of even one major shipping lane can cause **$14 billion daily losses**
- **Jawaharlal Nehru Port Trust (JNPT)** handles 55% of India's containerized cargo

### **2. Strategic Sea Lanes**:
- **Strait of Hormuz** carries 40% of India's crude oil imports
- **Strait of Malacca** handles 25% of all traded goods globally
- **Suez Canal route** connects India to European markets worth $87 billion
- **Cape of Good Hope** serves as alternative route during Middle East tensions
- **Persian Gulf** supplies 85% of India's energy requirements

### **3. Food and Fisheries Security**:
- India is the **2nd largest fish producer globally**; fisheries contribute 1.07% to GDP.
- **Illegal, Unreported, and Unregulated (IUU)** fishing causes ~$9 billion annual losses.
- Maritime security **ensures livelihoods** of 28 million coastal population.

### **4. Environmental and Disaster Security**:
- Oil spills, illegal dumping, and **marine pollution** threaten coastal ecosystems.
- Securing sea lanes critical for **disaster relief** (cyclones, tsunamis).
- Indian Navy & Coast Guard play a role in **HADR (Humanitarian Assistance and Disaster Relief)** in Indian Ocean (e.g., Nepal earthquake 2015, Cyclone Idai 2019).

## Maritime and Coastal Security Challenges

### **1. Piracy and Maritime Crime**:
- **Red Sea attacks increased by 300%** in 2023-24 affecting Indian vessels.
- **Somali piracy** still threatens ships carrying $50 billion worth of Indian goods.
- **Drug trafficking** through **Makran Coast** increased by 400% since 2022.
- **MV Lila Norfolk hijacking** in January 2024 highlighted persistent threats.
- **Golden Crescent** smuggling routes affect Gujarat and Maharashtra coasts.

### **2. State and Non-State Threats**:
- **Chinese naval presence** with Regular deployment of 6–8 PLAN submarines under **String of Pearls strategy**.
- **Pakistani maritime terrorism** as seen in **26/11 Mumbai attacks** in 2008.
- **Sri Lankan fishing vessel infiltrations** across Palk Strait, this fuels smuggling.
- **Maldivian security concerns** affecting southern sea lanes.
- **Myanmar's instability** creating refugee and security challenges.

## Way Forward

### **1. Technological Enhancement**:
- **National Committee on Strengthening Maritime and Coastal Security** recommendations implementation.
- **Coastal Surveillance Network Phase-III** covering all 7,516 km coastline.
- **Information Management and Analysis Centre (IMAC)** for real-time tracking.
- **Long Range Identification and Tracking (LRIT)** system expansion.
- **Project Varuna** for underwater domain awareness.

### **2. Institutional Strengthening**:
- **Sagar Kavach** exercises demonstrating multi-agency coordination.
- **Coastal Security Scheme** allocation of ₹1,500 crores for 2021-26.
- **Marine Police Force** modernization in 13 coastal states.
- **Coast Guard expansion** to 200 ships and 80 aircraft by 2025.
- **Indian Navy's Mission-Based Deployments** in critical sea lanes.

India's maritime security architecture requires **integrated technological solutions and enhanced multi-agency coordination**. The **Security and Growth for All in the Region (SAGAR)** vision, combined with initiatives like **Indo-Pacific Maritime Domain Awareness**, will secure India's maritime trade interests."
61,"In the present digital age, social media has revolutionised our way of communication and interaction. However, it has raised several ethical issues and challenges. Describe the key ethical dilemmas in this regard",10,GS 4,Ethics,2025,"Social media has emerged as a powerful tool for communication, information dissemination, and civic participation. While it democratizes access to voice and ideas, it simultaneously poses serious ethical challenges, blurring the boundaries between freedom of expression, responsibility, and accountability.

## **Key Ethical Dilemmas in Social Media**
### 1. **Freedom of Expression vs. Hate Speech & Misinformation**: 
- **Dilemma:** Balancing individual right to free speech with the collective need to prevent hate speech, fake news, and propaganda.
- Example: Spread of misinformation during elections or pandemics (e.g., COVID-19 vaccine rumours).
### 2. **Privacy vs. Surveillance**: 
- **Dilemma:** Users share personal data, but platforms and governments often exploit it for surveillance, targeted advertising, or political profiling.
- Example: Cambridge Analytica data scandal.
### 3. **Transparency vs. Manipulation:**
- **Dilemma:** Platforms claim neutrality but their content moderation policies, AI algorithms, and targeted ads may manipulate user behaviour.
- Example: Algorithm-driven addiction in apps like Instagram and TikTok.
### 4. **Profit Motive vs. Social Responsibility**:
- **Dilemma:** Platforms prioritise engagement and revenue (through clickbait, sensationalism) over mental health and well-being of users.
- Example: Rising cases of anxiety, depression, and body image issues among youth due to social media overuse.

## **Misinformation and Content Moderation**

- **Fake News Proliferation**: Rapid spread of false information undermines **democratic discourse** and **public health**, as seen during **COVID-19 infodemic** and **election misinformation campaigns**.

- **Echo Chambers**: Algorithmic content curation creates **confirmation bias**, limiting exposure to diverse viewpoints and weakening **deliberative democracy** advocated by **Habermas**.

- **Cultural Sensitivity**: Global platforms struggle with **contextual content policies**, often imposing **Western values** on diverse cultural contexts, challenging **cultural relativism**.

- **Deepfakes and Manipulation**: AI-generated content threatens **truth and authenticity**, requiring new **ethical frameworks** for **digital verification** and **media literacy**.

## **Mental Health and Social Impact**

- **Addiction and Dependency**: Designed engagement mechanisms exploit **psychological vulnerabilities**, particularly affecting **adolescents** and requiring **duty-based interventions** following **prima facie obligations**.

- **Cyberbullying**: Online harassment causes severe psychological harm, necessitating **protective measures** and **restorative justice approaches** in **digital spaces**.

- **Social Comparison**: Curated content creates unrealistic expectations, leading to **anxiety and depression**, particularly among **youth demographics** requiring **preventive mental health policies**.

Addressing these challenges requires **multi-stakeholder governance** combining **regulatory frameworks**, **ethical AI development**, and **digital literacy initiatives** to ensure technology serves **human flourishing** while preserving **democratic values**."
62,"""Constitutional morality is not a natural sentiment but a product of civil education and adherence of the rule of law."" Examine the significance of constitutional morality for public servant highlighting the role in promoting good governance and ensuring accountability in public administration.",10,GS 4,Ethics,2025,"**Constitutional morality** refers to the commitment of citizens, especially public servants, to uphold the core values and principles enshrined in the Constitution—such as justice, equality, liberty, dignity, and fraternity. 

As **Dr. B.R. Ambedkar** remarked, **it is not innate but cultivated through civic education, respect for institutions, and adherence to the rule of law.**

## **Understanding Constitutional Morality as a Cultivated Virtue**

- **Educational Foundation**: Constitutional morality emerges through systematic civic education rather than innate understanding, requiring continuous reinforcement through **National Education Policy 2020's** emphasis on constitutional values.

- **Institutional Reinforcement**: **Rule of law** serves as the backbone, with institutions like **Central Vigilance Commission** and **Lokpal** ensuring adherence to constitutional principles in governance.

- **Behavioral Transformation**: Civil servants must internalize constitutional values through training programs like **Mission Karmayogi**, moving beyond procedural compliance to ethical commitment.

- **Democratic Temperament**: **John Rawls'** concept of **public reason** aligns with constitutional morality, requiring officials to justify decisions based on shared constitutional principles.

- **Cultural Evolution**: Unlike natural sentiments, constitutional morality requires deliberate cultivation through institutions like **Lal Bahadur Shastri National Academy of Administration**.

## **Significance for Public Servants in Promoting Good Governance**

- **Ethical Decision-Making**: Constitutional morality guides civil servants like **E. Sreedharan** in prioritizing public interest over personal or political considerations in project implementation.

- **Inclusive Governance**: Ensures **Article 14's** equality principle translates into non-discriminatory service delivery through schemes like **Digital India** and **Jan Aushadhi**.

- **Transparency Promotion**: Constitutional morality mandates proactive disclosure, strengthening **Right to Information Act** implementation and reducing information asymmetries.

- **Participatory Administration**: Encourages citizen engagement through platforms like **MyGov** and **Gram Sabha** meetings, reflecting **Article 19's** freedom of expression.

- **Policy Coherence**: Ensures administrative decisions align with constitutional objectives like **Directive Principles**, promoting sustainable development and social justice.

## **Ensuring Accountability in Public Administration**

- **Institutional Accountability**: Constitutional morality strengthens oversight mechanisms like **Comptroller and Auditor General** and **Public Accounts Committee** through voluntary compliance.

- **Professional Integrity**: Cases like **Ashok Khemka's** anti-corruption stance demonstrate how constitutional morality empowers whistleblowing and ethical resistance.

- **Judicial Oversight**: Facilitates effective **judicial review** by ensuring administrative actions meet constitutional standards, reducing litigation and enhancing legitimacy.

- **Performance Measurement**: Promotes result-oriented governance through initiatives like **Performance Management for Excellence** aligned with constitutional objectives.

- **Citizen Redressal**: Strengthens grievance mechanisms like **Centralized Public Grievance Redress and Monitoring System**, ensuring responsive administration.

Constitutional morality thus transforms public administration from mere rule-following to principled governance, creating accountable institutions that serve **Mahatma Gandhi's** vision of **Swaraj** through ethical civil service committed to constitutional ideals."
63,"Carl von Clausewitz once said, ""War is a diplomacy by other means."" Critically analyse the above statement in the present context of contemporary geo-political conflict.",10,GS 4,Ethics,2025,"**Prussian military strategist Carl von Clausewitz** described war as the **continuation of politics by violent means**, implying that states resort to armed conflict when negotiations and diplomacy fail. 

While this was apt in the 19th–20th centuries, the complexities of 21st-century geopolitics demand a critical re-examination of this view.

## **Understanding Clausewitz's Assertion in Contemporary Context**

- **Political Continuity**: Modern conflicts like **Russia-Ukraine war** demonstrate how military action pursues political goals when diplomatic negotiations fail.

- **Strategic Coercion**: Nations employ **hybrid warfare** combining cyber attacks, economic sanctions, and military posturing (e.g., **China's actions in South China Sea**) as diplomatic tools.

- **Instrumental Violence**: **Israel-Palestine conflict** shows how both sides use military force to strengthen negotiating positions and achieve political recognition.

- **State Rationality**: **India's surgical strikes (2016, 2019)** exemplified measured military response serving diplomatic messaging rather than territorial conquest.

- **Alliance Building**: **NATO expansion** demonstrates how military partnerships serve broader diplomatic strategies of collective security and deterrence.

- **Economic Warfare**: **Trade wars** and sanctions (e.g., **US-China tensions**) represent non-kinetic forms of Clausewitzian diplomacy through economic coercion.

## **Critical Analysis of the Statement**

- **Ethical Limitations**: **Kantian categorical imperative** challenges treating war as mere policy tool, emphasizing human dignity over strategic calculations.

- **Humanitarian Concerns**: **Geneva Conventions** and **International Humanitarian Law** constrain warfare, making it ethically distinct from diplomacy.

- **Asymmetric Conflicts**: **Terrorism** and **insurgencies** often lack clear political objectives, contradicting Clausewitz's rational actor assumption.

- **Nuclear Deterrence**: **Mutually Assured Destruction** has transformed warfare into psychological diplomacy rather than actual military engagement.

- **Non-State Actors**: **ISIS** and **Al-Qaeda** operate beyond traditional state-centric diplomatic frameworks, challenging classical strategic thinking.

- **Civilian Impact**: Modern warfare's disproportionate effect on non-combatants raises questions about war's legitimacy as diplomatic instrument.

Clausewitz’s dictum underscores the intrinsic link between politics and war, but in the contemporary era, the emphasis has shifted from brute force to strategic diplomacy, economic statecraft, and hybrid tools of influence. 

While wars still occur, sustainable conflict resolution lies not in treating war as an extension of diplomacy, but in strengthening diplomacy to prevent war."
64,"Keeping the national security in mind, examine the ethical dilemmas related to controversies over environmental clearance of development projects in ecologically sensitive border areas in the country.",10,GS 4,Ethics,2025,"Border areas in India, such as the Himalayas or North-East, are both ecologically fragile and strategically vital. 

Development projects like roads, tunnels, hydropower, and defence infrastructure are essential for national security, but they often clash with environmental concerns. This creates complex ethical dilemmas for policymakers and public servants.

## **Ethical Dilemmas in Environmental Clearance**

- **Security vs. Sustainability Conflict**: Projects like **Char Dham road widening** in Uttarakhand create tension between strategic military access and **Himalayan ecosystem preservation**.

- **Intergenerational Justice Concerns**: **Kant's categorical imperative** questions whether compromising fragile ecosystems for immediate security needs respects future generations' rights to environmental heritage.

- **Consequentialist vs. Deontological Tensions**: **Utilitarian calculus** may justify environmental costs for greater security benefits, while **duty-based ethics** emphasizes absolute obligation to protect nature.

- **Democratic Participation Deficits**: Limited public consultation in sensitive border projects violates **Habermas's discourse ethics** and **Gandhi's principle** of inclusive decision-making.

- **Indigenous Rights Violations**: Border infrastructure often displaces tribal communities, conflicting with **constitutional Article 244** protections and **international indigenous rights frameworks**.

- **Precautionary Principle Challenges**: **Rio Declaration's** precautionary approach becomes difficult when national security urgency demands immediate action despite environmental uncertainties.

## **Balancing National Security and Environmental Ethics**

- **Strategic Environmental Assessment**: Implementing comprehensive impact studies that consider both security needs and ecological costs, following **Norway's integrated assessment model**.

- **Adaptive Management Approaches**: Developing reversible or modifiable infrastructure designs that allow environmental restoration post-security requirements, as demonstrated in **South Korea's DMZ conservation**.

- **Technology Integration**: Utilizing **green infrastructure solutions** like solar-powered border surveillance systems that minimize ecological footprint while maintaining security effectiveness.

- **Stakeholder Engagement Mechanisms**: Creating **multi-stakeholder platforms** including defense experts, environmentalists, and local communities for transparent decision-making processes.

- **Compensation and Restoration Frameworks**: Establishing **biodiversity offset programs** and community benefit-sharing mechanisms to address environmental and social costs.

- **Regional Cooperation Models**: Developing **transboundary conservation agreements** that enhance both ecological protection and regional security through collaborative monitoring systems.

Ethical governance demands **innovative solutions** that honor both **Chanakya's Arthashastra principles** of strategic security and **Chipko movement's** environmental consciousness, creating sustainable security paradigms for India's ecological frontiers."
65,"Given below is the quotation of a great thinker. What does this quotations convey to you in the present context?

""Those who in trouble untroubled are, Will trouble trouble itself."" – Thiruvalluvar",10,GS 4,Ethics,2025,"**Thiruvalluvar**, the Tamil saint-poet, emphasises virtues of resilience, composure, and inner strength. The quotation conveys that **a person who remains calm and undisturbed in times of adversity is able to overcome challenges effortlessly, as their equanimity itself weakens the problem.**

## **Meaning and Interpretation of the Quote**

- **Inner Strength Over External Circumstances**: The quote advocates for **stoic philosophy**, where one's response to adversity matters more than the adversity itself, reflecting **Aristotle's** concept of **virtue ethics**.

- **Psychological Resilience**: Maintaining mental equilibrium during crises enables rational decision-making, similar to **Buddha's** teaching of **equanimity (upekkha)** in facing life's uncertainties.

- **Transformative Power of Attitude**: An untroubled mind during troubles creates a positive feedback loop, where calmness itself becomes a solution, echoing **Gandhi's satyagraha** principle of non-violent resistance.

- **Leadership Through Composure**: Great leaders demonstrate grace under pressure, transforming collective anxiety into hope through their steady demeanor, as exemplified by **Nelson Mandela** during apartheid.

- **Practical Wisdom (Phronesis)**: **Aristotelian** concept of practical wisdom suggests that emotional stability enhances judgment quality, leading to better problem-solving outcomes.

## **Contemporary Relevance and Applications**

- **Administrative Leadership**: Civil servants like **E. Sreedharan** during **Konkan Railway** construction maintained composure despite technical challenges, inspiring teams and ensuring project success.

- **Crisis Management**: During **COVID-19 pandemic**, administrators who remained calm while implementing **Pradhan Mantri Garib Kalyan Yojana** achieved better community compliance and resource distribution.

- **Conflict Resolution**: **Mediation techniques** in **Lok Adalats** demonstrate how neutral, untroubled mediators help resolve disputes more effectively than adversarial approaches.

- **Mental Health Initiatives**: Programs like **Manodarpan** recognize that emotional resilience training for students and professionals improves performance during stressful situations.

- **Disaster Management**: **NDRF** personnel exemplify this principle by maintaining calm during natural disasters, enabling efficient rescue operations and community confidence building.

**Thiruvalluvar's** timeless wisdom offers a **dharmic** approach to modern governance challenges, where **emotional intelligence** and **inner stability** become tools for effective public service and **sustainable development**."
66,"Given below is the quotation of a great thinker. What does this quotations convey to you in the present context?

""The greatest discovery of my generation is that a human being can alter his life by altering his attitudes."" – William James",10,GS 4,Ethics,2025,"**William James**, the father of modern psychology, emphasizes the transformative power of **attitudinal change** in shaping human destiny, reflecting the core principle of **self-determination** and **personal agency**.

## **Meaning and Significance of the Quotation**

- **Psychological Transformation**: Mental frameworks determine life outcomes, aligning with **cognitive behavioral therapy principles** where thoughts influence actions and results.

- **Personal Agency**: The quote emphasizes **individual responsibility** for life circumstances, rejecting fatalistic approaches and promoting **proactive mindset** development.

- **Attitudinal Determinism**: Success depends more on **internal perspectives** than external circumstances, reflecting **Stoic philosophy** of controlling responses rather than events.

- **Growth Mindset**: It means believing that you can improve with effort, which actually helps you grow and succeed.

- **Freedom of choice**: We may not control what happens to us, but we can control how we respond.

## **Contemporary Relevance and Applications**

- **Youth and Career Uncertainty**: In the era of job market disruptions and academic stress, many youth feel lost. A shift in attitude from fear to lifelong learning and adaptability can open new pathways. Example: UPSC aspirants who fail prelims but persist with a growth mindset often succeed later.

- **Social Reform**: Citizens who believe they can make a difference often become agents of change through volunteering, voting, or civic engagement. Example: **Aruna Roy’s RTI movement** began with a belief that ordinary citizens could demand transparency. This attitude led to the RTI Act, 2005, empowering people to hold the government accountable.

- **Mental Health and Emotional Well-being**: With rising anxiety and depression, especially post-COVID, attitude plays a vital role in coping and recovery. Example: Practicing gratitude and resilience has helped many navigate personal loss and social isolation.

- **Public Servants and Ethics in Governance**: Civil servants encounter setbacks, public criticism, and systemic inertia. An officer with a positive and proactive attitude is more likely to innovate and persist in public interest. Example: **IAS officer Armstrong Pame** built a road in Manipur without government funds, driven by attitude rather than authority.

- **Personal Relationships**: A change in attitude like being more empathetic, patient, or understanding can greatly improve relationships. It helps resolve conflicts, build trust, and strengthen emotional bonds. Example: In families or friendships, choosing to listen with empathy rather than react with anger can transform strained relationships into supportive ones.

The quote teaches that true transformation is internal. In a world filled with uncertainty, negativity, and external pressures, maintaining a **constructive, ethical, and solution-oriented attitude** can help individuals **not only survive but thrive**."
67,"Given below is the quotation of a great thinker. What does this quotations convey to you in the present context?

""The strength of a society is not in its laws, but in the morality of its people."" – Swami Vivekananda ",10,GS 4,Ethics,2025,"**Swami Vivekananda's** quote emphasizes that the foundation of a truly strong and just society lies not merely in rules and punishments, but in the inner moral compass of its citizens. Laws may regulate behavior, but it is morality that **sustains trust, harmony, and long-term stability**.

## **Understanding the meaning of strong and just Society**

- **Moral Foundation Over Legal Framework**: Laws provide external constraints, but **intrinsic morality** ensures voluntary compliance and **ethical behavior** even without surveillance (e.g., **Scandinavian countries** with high trust indices).

- **Character-Based Governance**: Building strong character is key to a better society. Good leaders and citizens guided by values can create lasting change, not just by following rules, but by doing what is right.

- **Collective Consciousness**: A strong moral sense in society leads people to act for the greater good over personal interest. Example: During the COVID-19 pandemic, citizens and volunteers across India selflessly helped migrants, distributed food and arranged oxygen cylinders, showing moral duty and collective responsibility.

- **Self-Regulation Principle**: Moral societies require minimal external enforcement as internalized values guide behavior, reducing **administrative burden** and **governance costs**.

- **Sustainable Development**: A morally conscious society ensures **fair use of resources** for both present and future generations, forming the basis of a strong and just society.

## **Contemporary Relevance in Indian Context**

- **Administrative Ethics**: A society is only as strong as the values upheld by its leaders and public servants. Ethical leadership inspires trust far beyond rule enforcement. Example: Officers like **T.N. Seshan** strengthened democratic institutions not just through rules, but through moral courage and personal integrity.

- **Rise of Ethical Deficits in Society**: Despite having laws against corruption, gender violence, or discrimination, such issues persist. Indicates a mismatch between legal compliance and moral conscience. Example: Tax evasion, dowry, and child labor still exist despite legal prohibitions, pointing to moral failure at the societal level.

- **Digital Age Challenges**: Cyber ethics, data privacy, and artificial intelligence governance require moral frameworks as **technology outpaces legislative responses**.

- **Social Media Responsibility**: Self-regulation in information sharing and hate speech prevention depends on **individual moral consciousness** rather than **IT Act provisions**.

- **Community Policing**: **Kerala's community policing model** succeeds through moral partnership between citizens and law enforcement, reducing crime rates effectively.

**Vivekananda's wisdom** remains relevant as **moral education**, **value-based leadership**, and **ethical governance** create resilient societies where **dharmic principles** guide **collective progress** beyond **punitive measures**."
68,"""For any kind of social re-engineering by successfully implementing welfare schemes, a civil servant must use reason and critical thinking in an ethical framework."" Justify this statement with suitable examples.",10,GS 4,Ethics,2025,"Social re-engineering refers to bringing about transformative changes in societal structures, behaviours, and mindsets, often through the implementation of welfare policies. In this process, civil servants act as key agents of change. 

To ensure long-term impact, they must go beyond mechanical implementation and apply reasoned judgment, critical thinking, and ethical values such as empathy, equity, and justice.

## **Why Reason and Critical Thinking Are Essential**

- **Context-Sensitive Decision Making**: 
  - One-size-fits-all approaches often fail in diverse societies. Critical thinking helps tailor solutions to **local socio-cultural realities**. 
  - Example: In tribal areas of Jharkhand, a District Collector used **reasoned engagement with village elders** to successfully implement the PDS and MGNREGA schemes, overcoming local mistrust of State machinery.

- **Balancing Competing Interests**: 
  - Welfare schemes often involve **trade-offs** - budget constraints, political pressure, or public resistance. Reason allows civil servants to make evidence-based, fair decisions.
  - Example: During land acquisition for infrastructure in Odisha, officers facilitated **fair compensation and resettlement**, respecting both development goals and tribal rights.

- **Tackling Implementation Challenges**: 
  - Ground-level bottlenecks like leakages, corruption, or digital illiteracy require innovative, ethical problem-solving.
  - Example: In Rajasthan, an officer ensured old-age pensions reached beneficiaries by mapping **biometric failures** and offering doorstep authentication, showing empathetic reasoning.

- **Building Public Trust**: 
  - Ethical reasoning fosters **transparency and participatory governance**. Citizens are more likely to accept change when they see **fairness and integrity in action**.
  - Example: **Aruna Sundararajan** promoted digital literacy in Kerala by framing digital inclusion as a rights-based, equitable service, not just a tech upgrade.

- **Anticipating Unintended Consequences**: 
  - Foreseeing potential negative impacts prevents policy failures.
  - Example: **MGNREGA** wage rates balanced to avoid agricultural labor migration.

- **Contextual Adaptation**: 
  - Modifying schemes based on local conditions enhances effectiveness .
  - Example: **Swachh Bharat Mission** adapting sanitation models for different geographical regions.

- **Bias Recognition**: Identifying personal and institutional prejudices ensures equitable implementation.

## **Ethical Framework Integration**

- **Utilitarian Approach**: Maximizing welfare for the majority. Example: PM Ujjwala Yojana improves health and ease of living for millions of poor households by replacing polluting fuels, maximizing social benefit.

- **Rights-based Perspective**: Upholding legal and moral entitlements. Example: RTE Act ensures access to education as a fundamental right, promoting equity for marginalized children.

- **Duty Ethics**: Acting out of moral obligation, not outcome. Example: Jan Arogya Yojana emphasizes dignified healthcare delivery, treating beneficiaries with respect, not just as statistics.

- **Virtue Ethics**: Guided by character traits like integrity and compassion. Example: Kiran Bedi’s reforms in Tihar Jail reflected empathy and moral courage, setting a humane model for prison administration.

A civil servant’s true success lies not just in executing welfare schemes, but in transforming lives ethically and intelligently. **Reason without values can be cold; ethics without critical thought can be blind**. 

Together, they equip civil servants to engineer lasting, inclusive, and meaningful social change."
69,What are the major teachings of Mahavir? Explain their relevance in the contemporary world.,10,GS 4,Ethics,2025,"Lord Mahavir, the **24th Tirthankara of Jainism (6th century BCE)**, was a contemporary of the Buddha and a pivotal figure in Indian philosophical thought. 

His teachings form the foundation of **Jain ethics**, centered on **non-violence, self-restraint, and truth**. Though ancient, these principles remain profoundly relevant in today’s complex, conflict-ridden world.

## **Major Teachings of Mahavir**

- **Ahimsa (Non-violence)**: Complete abstinence from harming any living being through thought, word, or action, extending beyond physical violence to mental and emotional harm.

- **Satya (Truthfulness)**: Speaking and living truth while ensuring it doesn't harm others, emphasizing **anekantavada (multiple perspectives)** to understand reality comprehensively.

- **Asteya (Non-stealing)**: Refraining from taking what is not given, including misuse of resources, time, or trust in personal and professional relationships.

- **Brahmacharya (Celibacy/Chastity)**: Controlling desires and maintaining purity in relationships, promoting self-discipline and spiritual focus.

- **Aparigraha (Non-attachment)**: Limiting material possessions and avoiding excessive accumulation, emphasizing contentment and simple living.

- **Anekantavada (Multiplicity of Views)**: Recognizing multiple perspectives on truth, promoting tolerance and understanding different viewpoints without dogmatism.

## **Relevance in Contemporary World**

- **Environmental Conservation**: **Aparigraha principles** directly support **sustainable development goals**. **Ahimsa** promotes biodiversity conservation and climate action by abstinence from harming all forms of life.

- **Corporate Ethics**: **Aparigraha teachings** guide **Corporate Social Responsibility (CSR)** initiatives, encouraging businesses to balance profit with social welfare and environmental protection.

- **Conflict Resolution**: **Anekantavada** provides framework for **diplomatic negotiations** and **restorative justice systems**, as demonstrated in **Truth and Reconciliation Commissions**.

- **Administrative Integrity**: **Satya and Asteya** principles guide civil servants like **Ashok Khemka** in maintaining transparency and preventing corruption in governance.

- **Digital Ethics**: **Ahimsa** extends to preventing cyberbullying and promoting responsible social media usage, while **Satya** combats misinformation and fake news.

- **Global Peace**: **Non-violence philosophy** influences international peacekeeping efforts and **Gandhi's Satyagraha** movements, inspiring modern civil rights activism worldwide.

Mahavir's teachings offer **practical ethical frameworks** for addressing contemporary challenges from **climate change** to **social justice**, providing timeless wisdom for building a more compassionate and sustainable society."
70,"""One who is devoted to one's duty attains highest perfection in life."" Analyse this statement with reference to sense of responsibility and personal fulfilment as a civil servant.",10,GS 4,Ethics,2025,"**Duty** represents the moral obligation to act according to one's role and responsibilities, as emphasized by **Kant's categorical imperative** and the **Bhagavad Gita's concept of dharma**.

## **Meaning of Devotion to one's Duty**

• **Philosophical Foundation**: **Aristotle's concept of eudaimonia** suggests that fulfilling one's purpose leads to human flourishing, while **Krishna's teaching to Arjuna** emphasizes performing duty without attachment to results.

• **Duty as Moral Compass**: **Kant's deontological ethics** establishes duty as the foundation of moral action, where actions derive worth from adherence to moral law rather than consequences.

## **Duty as the Foundation of Responsible Civil Service**

• **Constitutional Obligation**: A civil servant is entrusted with constitutional and moral duties: maintaining integrity, delivering welfare, upholding law, and ensuring justice.

• **Public Trust**: Devotion to duty reflects accountability, consistency, and service orientation, which are core to public trust. Example: **E. Sreedharan**, through unwavering commitment to public duty, successfully completed the Delhi Metro project with integrity and efficiency, earning both institutional trust and personal satisfaction.

• **Ethical Decision-Making**: Even in the face of limited recognition or slow results, duty-conscious individuals do what is right. Example: **Ashok Khemka's** anti-corruption stance demonstrates how responsibility often requires personal sacrifice for larger public good.

• **Avoiding fear or favour**: A duty-bound civil servant is driven not by fear of punishment or lure of reward, but by **inner moral obligation**. It fosters self-discipline, empathy, and the ability to make just decisions in complex situations.

• **Crisis Management**: **COVID-19 response** highlighted how civil servants' sense of duty ensured continuity of essential services and public welfare.

## **Personal Fulfilment through Duty**

• **Intrinsic Motivation**: **Maslow's self-actualization** theory aligns with finding meaning through service, where duty becomes a source of personal growth.

• **Professional Satisfaction**: **Kiran Bedi's** innovative policing methods show how creative duty performance leads to both professional recognition and personal contentment.

• **Legacy Building**: **Verghese Kurien's White Revolution** demonstrates how dedicated service creates lasting impact, providing deep personal satisfaction.

• **Social Impact**: **Aruna Roy's RTI advocacy** illustrates how duty-driven work creates meaningful social change, generating profound personal satisfaction.

• **National Progress**: **A.P.J. Abdul Kalam's** dedication to scientific service exemplified how devotion to duty can lead to both personal excellence and national progress.

**Duty-driven service** creates a virtuous cycle where **responsible governance** enhances both **administrative effectiveness** and **personal growth**, ultimately serving the constitutional vision of **justice, liberty, and equality**."
71,"To achieve holistic development goal, a civil servant acts as an enabler and active facilitator of growth rather than a regulator. What specific measures will you suggest to achieve this goal?",10,GS 4,Ethics,2025,"**Holistic development** requires civil servants to transition from **regulatory gatekeepers** to **developmental catalysts**, embodying **Kautilya's concept** of administrator as **""lok-sevak""** and **Gandhi's trusteeship principle**.

## **Transforming Administrative Mindset**

- **Servant Leadership Approach**: Adopting **Robert Greenleaf's servant leadership model** where administrators prioritize community needs over hierarchical power (e.g., **IAS officer Armstrong Pame's** community-driven road construction in Manipur).

- **Participatory Governance**: Implementing **Habermas's communicative action theory** through regular **Jan Sunwai** and **Gram Sabha** consultations for inclusive decision-making.

- **Solution-Oriented Thinking**: Moving from **""why it cannot be done""** to **""how it can be achieved""** mindset, exemplified by **E. Sreedharan's** innovative project management approaches.

- **Empathy and Emotional Intelligence**: Developing **Daniel Goleman's emotional intelligence framework** to understand citizen perspectives and ground realities.

- **Continuous Learning Culture**: Embracing the culture of regular skill upgradation and **cross-sector exposure programs**.

## **Institutional Reforms and Capacity Building**

- **Performance Measurement Systems**: Implementing **outcome-based evaluation** rather than **process-oriented assessments** using **SMART indicators** for development goals.

- **Technology Integration**: Leveraging **Digital India initiatives** like **e-governance platforms** and **AI-driven citizen services** for efficient service delivery.

- **Inter-departmental Coordination**: Establishing **convergence mechanisms** similar to **Mission Antyodaya** for holistic rural development through collaborative approaches.

- **Decentralization of Powers**: Strengthening **73rd and 74th Constitutional Amendments** through genuine **power devolution** to local governance institutions.

- **Innovation Labs**: Creating **administrative innovation hubs** like **Atal Innovation Mission** for experimenting with **citizen-centric solutions**.

- **Mentorship Programs**: Developing **senior-junior officer mentoring systems** for knowledge transfer and **ethical leadership development**.


Transforming civil servants into **development enablers** requires **systemic reforms** combining **Gandhian values** with **modern governance tools**, ensuring **sustainable and inclusive growth** for all citizens."
72,"It is said that for an ethical work culture, there must be code of ethics in place in every organisation. To ensure value-based and compliance-based work culture, what suitable measures would you adopt in your work place?",10,GS 4,Ethics,2025,"**Code of ethics** establishes foundational principles for organizational behavior, as emphasized by **Aristotle's virtue ethics** and **Gandhi's satyagraha**, ensuring **integrity** and **accountability** in workplace conduct.

## **Importance of Code of Ethics for Ethical Work Culture**

- **Moral Compass**: Provides clear guidelines for decision-making during ethical dilemmas, similar to **Chanakya's Arthashastra** principles for governance and administration.

- **Behavioral Standards**: Establishes uniform expectations across hierarchical levels, preventing favoritism and ensuring **equal treatment** as advocated by **Rawls' theory of justice**.

- **Legal Compliance**: Ensures adherence to statutory requirements like **RTI Act 2005**, **Prevention of Corruption Act**, and **Whistleblower Protection Act**.

- **Trust Building**: Creates transparent environment fostering stakeholder confidence, exemplified by **E. Sreedharan's** ethical leadership in **Konkan Railway** and **Delhi Metro** projects.

- **Conflict Resolution**: Provides framework for addressing workplace disputes through established **grievance redressal mechanisms** and **ombudsman** systems.

## **Measures for Value-Based Work Culture**

- **Leadership by Example**: Senior officials demonstrating **integrity** through personal conduct, following **Kiran Bedi's** transformative approach in **Tihar Jail** reforms.

- **Regular Training Programs**: Conducting **ethics workshops** and **sensitivity training** sessions, incorporating **Vivekananda's** teachings on **character building** and **service orientation**.

- **Merit-Based Promotions**: Implementing transparent **performance appraisal systems** based on competency and ethical conduct rather than favoritism or political considerations.

- **Open Communication Channels**: Establishing **suggestion boxes**, **town halls**, and **feedback mechanisms** to encourage participatory decision-making and **democratic governance**.

- **Recognition Systems**: Rewarding ethical behavior through **integrity awards** and **public service excellence** recognition, similar to **Prime Minister's Awards for Excellence**.

## **Measures for Compliance-Based Work Culture**

- **Robust Monitoring Systems**: Implementing **digital governance** tools like **e-governance platforms** and **real-time tracking** systems for transparency and accountability.

- **Regular Audits**: Conducting **internal audits**, **social audits**, and **third-party evaluations** to ensure compliance with established procedures and **financial regulations**.

- **Whistleblower Protection**: Creating safe channels for reporting misconduct, following **Ashok Khemka's** courage in exposing **land deal irregularities** in Haryana.

- **Documentation Protocols**: Maintaining comprehensive records of decisions and processes, ensuring **transparency** and **audit trails** for future reference and accountability.

- **Disciplinary Mechanisms**: Establishing clear **penalty structures** and **corrective measures** for violations, ensuring **swift justice** and **deterrent effect** against misconduct.

Integrating **Kantian categorical imperative** with **Indian constitutional values** creates sustainable ethical framework, where **value-based leadership** and **systematic compliance** mechanisms ensure **good governance** and **public trust**."
73,"India is an emerging economic power of the world as it has recently secured the status of fourth largest economy of the world as per IMF projection. However, it has been observed that in some sectors, allocated funds remain either under-utilised or misutilised. What specific measures would you recommend for ensuring accountability in this regard to stop leakages and gaining the status of third largest economy of the world in near future? ",10,GS 4,Ethics,2025,"**Accountability** is both a legal obligation and a moral imperative. It reflects **Kautilya's** principle of responsible stewardship, **Max Weber's** bureaucratic efficiency, and **Gandhian trusteeship**, ensuring public funds are treated as a trust for citizens’ welfare.

## **Ethical and Practical Measures to Ensure Accountability**

* **Inner Responsibility**

  * Public servants must internalise duty as trustees of public money. This ethical compass ensures they act with sincerity even when external oversight is absent. Like a teacher accountable for every child’s progress, officers must treat public funds as a sacred trust.
  * *Global best practice*: **Singapore’s ethos** bans even small gifts to officials, directly preventing conflicts of interest and curbing leakages at source.

* **Probity & Integrity**

  * Integrity requires asset disclosures, conflict-of-interest checks, and rewarding officers who display moral courage (e.g., **Ashok Khemka**). This reduces discretionary misuse of power.
  * *Global best practice*: **Scandinavian countries** enforce strict public disclosures of ministers’ assets and ensure immediate resignation on impropriety, creating a deterrent culture against corruption.

* **Transparency as a Value**

  * Transparency demands open access to information through **RTI, citizen charters, and social audits**. It builds citizen trust by making every rupee traceable. The MKSS model in Rajasthan exemplifies community-driven vigilance.
  * *Global best practice*: **Estonia’s e-governance** and **South Korea’s OPEN system** digitally track funds, eliminating room for inflated claims or ghost beneficiaries.

* **Answerability & Justice**

  * True accountability also requires grievance redressal and enforceable consequences for negligence. Public officials must be answerable for both action and omission, ensuring justice for citizens.
  * *Global best practice*: **UK’s National Audit Office** places expenditure reports before Parliament, while Scandinavian **Ombudsman systems** allow citizens to directly challenge administrative injustice.

* **Performance-Linked Budgeting & Technology**

  * Funds should be tied to measurable outcomes, aligning allocations with impact — following **New Zealand’s results-based budgeting** model. This links ethical responsibility with efficiency.
  * *Global best practice*: Use of **AI and blockchain** for predictive analysis ensures leakages are flagged in advance and fund flow remains transparent in real time.

Accountability ensures that resources serve the people with **probity, transparency, and justice**. By combining global best practices with India’s ethical traditions, leakages can be curbed, trust strengthened, and fiscal efficiency improved — paving the way for India’s ethical and sustainable rise as the **world’s third-largest economy**."
74,"Vijay is the Deputy Commissioner of a remote district of Himachal Pradesh. For the last two years, he has been in this region. In the month of August, heavy rains lashed the complete state followed by cloudbursts in the upper reaches of the said district. The damage was very heavy in the complete state, especially in the affected district. The complete road network and telecommunication were disrupted and the buildings were damaged extensively. People's houses have been destroyed and they were forced to stay in open. More than 200 people have been killed and about 5000 were badly injured. The Civil Administration under Vijay got activated and started conducting rescue and relief operations. Temporary shelter camps and hospitals were established to provide shelter and medical facilities to the homeless and injured people. Helicopter services were pressed in for evacuating sick and old people from remote areas. Vijay got a message from his hometown in Kerala that his mother was seriously sick. After two days, Vijay received the unfortunate message that his mother has expired. Vijay has no close relative except one elder sister who is a US citizen and has been staying there for the last several years. In the meantime, the situation in the affected district deteriorated further due to resumption of heavy rains after a gap of five days. At the same time, continuous messages were coming on his mobile from his hometown to reach at the earliest for performing the last rites of his mother.

(a) What are the options available with Vijay?
(b) What are the ethical dilemmas being faced by Vijay?
(c) Critically evaluate and examine each of these options identified by Vijay.
(d) Which of the options, do you think, would be most appropriate for Vijay to adopt and why?",20,GS 4,Case Studies,2025,"The case presents a profound conflict between **personal duty** and **public responsibility** during a humanitarian crisis. Vijay faces the heart-wrenching choice between attending his mother's last rites and leading disaster relief operations affecting thousands of lives in his district.

### Stakeholders Involved

* Victims of the disaster (injured, homeless, vulnerable groups)
* Civil administration team working under Vijay
* Vijay himself (as a son and as a civil servant)
* Vijay’s family in Kerala (mother’s community and extended relatives)
* Elder sister living abroad
* State and central government depending on him for disaster management

### (a) Options available with Vijay

1. Leave immediately for Kerala to perform his mother’s last rites.

   * **Ethical view**: This respects his duty as a son and gives him peace of mind, but leaving in the middle of a crisis would look like abandoning his official duty and people may lose trust.
2. Remain in the disaster-affected district and continue leading rescue and relief operations.

   * **Ethical view**: This shows putting public duty first and saving many lives, but he may feel personal guilt and face criticism from relatives.
3. Delegate responsibility temporarily to a senior officer, travel to Kerala, and stay in touch through digital means.

   * **Ethical view**: This balances care for family and public service, but in such a big disaster delegation may weaken the administration and reduce accountability.
4. Perform symbolic rituals locally, postpone travel, and later go to Kerala once the situation stabilises.

   * **Ethical view**: This tries to respect both family duty and public responsibility, though it may not fully satisfy cultural expectations of last rites.

### (b) Ethical dilemmas faced by Vijay

| Ethical Dilemma                                | Explanation                                                                                                                                    |
| ---------------------------------------------- | ---------------------------------------------------------------------------------------------------------------------------------------------- |
| **Personal duty vs. Professional duty**        | Conflict between being present for his mother’s last rites and fulfilling his duty as District Commissioner during a disaster.                 |
| **Utilitarian dilemma**                        | Staying could save thousands, while leaving honours family duty. Balancing greatest good for the greatest number versus individual obligation. |
| **Emotional vs. Rational choice**              | Emotion pulls him towards grief and rituals, while rational thinking directs him to manage relief operations and uphold constitutional duty.   |
| **Conscience vs. Public perception**           | His conscience may push him to perform last rites, but society expects a leader to put citizens first.                                         |
| **Long-term reputation vs. Immediate comfort** | Leaving may give personal relief but harm reputation and public trust; staying builds trust and sets an example of sacrifice.                  |

### (c) Evaluation of Options

| Option                                          | Merits                                                                                                                                                   | Demerits                                                                                                                             |
| ----------------------------------------------- | -------------------------------------------------------------------------------------------------------------------------------------------------------- | ------------------------------------------------------------------------------------------------------------------------------------ |
| **Leaving immediately**                         | Upholds filial and religious duty; gives him emotional relief; maintains family honour and cultural tradition.                                           | Abandoning people in crisis, creating an administrative vacuum, possible loss of many lives; weakens public trust in governance.     |
| **Staying back fully**                          | Upholds constitutional duty and rule of law; ensures effective disaster response and saves maximum lives; builds reputation for integrity and sacrifice. | Causes deep personal grief; criticism from relatives for not performing rites; may lead to feelings of guilt.                        |
| **Delegating and travelling briefly**           | Attempts to balance personal and professional responsibilities; shows sensitivity to family while retaining some control; sets example of empathy.       | In a disaster of this scale, delegation may reduce efficiency; communication networks disrupted; accountability diluted.             |
| **Symbolic rituals locally, postponing travel** | Provides some emotional closure while ensuring his presence in the district; honours both duties in a limited way; reflects adaptability and prudence.   | May not fully satisfy cultural and religious expectations of last rites; could invite social criticism from relatives and community. |

### (d) Most appropriate option

* The most ethical and practical course is to prioritise his role as Deputy Commissioner in managing the crisis while finding limited symbolic ways to honour his mother.
* Thousands of lives depend on his leadership, so remaining in the district demonstrates responsibility, probity and justice. Later, when the situation stabilises, he can travel to Kerala to perform the full rites.
* This approach balances personal grief with public duty.
* It also aligns with **Kant’s duty ethics** (duty for duty’s sake) and **utilitarian principles** (greatest good for greatest number).
* It sets an example of resilience and empathy in public service.&#x20;
"
75,"In line with the Directive Principles of State Policy enshrined in the Indian Constitution, the government has a constitutional obligation to ensure basic needs – ""Roti, Kapda aur Makan (Food, Clothes and Shelter)"" – for the under-privileged. Pursuing this mandate, the district administration proposed clearing a portion of forest land to develop housing for the homeless and economically weaker sections of the society.

The proposed land, however, is an ecologically sensitive zone densely populated with age-old trees, medicinal plants and vital biodiversity. Besides, these forests help to regulate micro-climate and rainfall; provide habitat for wildlife, support soil fertility and prevent land/soil erosion and sustain livelihoods of tribal and nomadic communities.

In spite of the ecological and social costs, the administration argues in favour of the proposed initiative by highlighting that this very initiative addresses fundamental human rights as a critical welfare priority. Besides, it fulfils the government's duty to uplift and empower the poor through inclusive housing development. Further, these forest areas have become unsafe due to wild animal threats and recurring human-wild life conflicts. Lastly, clearing a forest-zone may help to curb anti-social elements allegedly using these areas as hideouts, thereby enhancing law and order.

(a) Can deforestation be ethically justified in the pursuit of social welfare objectives like, housing for the homeless?
(b) What are the socio-economic, administrative and ethical challenges in balancing environmental conservation with human development?
(c) What substantial alternatives or policy interventions can be proposed to ensure that both environmental integrity and human dignity are protected? (Answer in 250 words)
",20,GS 4,Case Studies,2025,"The case presents a complex ethical dilemma between **constitutional obligations** for social welfare and **environmental conservation**, highlighting the tension between immediate human needs and long-term ecological sustainability in policy-making

### Stakeholders Involved

* **Homeless populations** seeking shelter and dignity.
* **Tribal and nomadic communities** dependent on forests for livelihoods and culture.
* **Forest ecosystem** including trees, medicinal plants, and biodiversity.
* **Wildlife** whose habitat and safety are threatened.
* **District administration and government** fulfilling constitutional obligations.
* **Future generations** entitled to a stable climate and environment.
* **Environmental activists and civil society** advocating conservation.
* **Local economy** linked to ecosystem services like soil fertility and water regulation.

### (a) Can deforestation be ethically justified?

* Deforestation for housing cannot be ethically justified in an ecologically sensitive zone.
* **Utilitarianism**: Long-term harm of biodiversity loss, climate disruption, and soil erosion outweighs short-term benefit of housing.
* **Virtue ethics**: Emphasises stewardship, responsibility, and care for future generations.
* **Constitutional duties**: **Article 48A** directs the State to protect the environment; **Article 21** protects both right to shelter and right to clean environment.
* **Precautionary principle**: Irreversible ecological damage should not be accepted as a trade-off for welfare.

### (b) Challenges in balancing environment and development

#### **Socio-economic Challenges**

* Displacement of tribal and nomadic communities dependent on forests.
* Loss of ecosystem services (water regulation, soil fertility, pollination).
* Rising inequality as marginalised groups bear disproportionate costs.
* Heightened vulnerability to disasters like floods and landslides.

#### **Administrative Challenges**

* Conflicting mandates of welfare and environment ministries.
* Weak inter-departmental coordination and bureaucratic delays.
* Limited expertise in eco-sensitive planning and impact assessment.
* Pressure on district authorities from political and public demands.

#### **Ethical Challenges**

* **Rights conflict**: Homeless people’s right to shelter vs. future generations’ right to healthy environment.
* **Justice dilemma**: Immediate relief vs. long-term sustainability.
* **Duty conflict**: Constitutional obligation for welfare vs. environmental conservation mandate.

### (c) Alternatives and policy interventions

| Time Frame              | Policy Interventions                                                                                                                                                                                                                                                                                                                                                                                  |
| ----------------------- | ----------------------------------------------------------------------------------------------------------------------------------------------------------------------------------------------------------------------------------------------------------------------------------------------------------------------------------------------------------------------------------------------------- |
| **Short-term Measures** | - **Vertical housing** on urban wastelands under **PMAY-U** guidelines.  - **Slum rehabilitation** via in-situ upgradation (e.g., Rajiv Awas Yojana).  - **Public-private partnerships** to develop affordable housing on industrial or non-forest government land.                                                                                                                                   |
| **Long-term Solutions** | - **Compensatory afforestation** at 3:1 ratio under the **Forest Conservation Act**.  - Promote **eco-restoration housing** using green building norms, renewable energy, and sustainable materials.  - **Livelihood diversification** for tribals through eco-tourism, skill training, and agroforestry.  - **Urban planning reforms** with transit-oriented development and integrated green belts. |

True welfare must be sustainable. Ethical governance requires protecting both **human dignity and environmental integrity**. Development should follow the principle that *“present needs must be met without compromising the ability of future generations to meet their own.”*
"
76,"Subash is Secretary, PWD in the State Government. He is a senior officer, known for his competence, integrity and dedication to work. He enjoys the trust and confidence of the Minister in charge of PWD and Programme Implementation. As a part of his job profile, he is responsible for policy formulation, execution of projects relating to infrastructure initiatives in the State. Besides, he oversees the technical and administrative aspects relating to planning, designing and construction etc..

Subash's Minister is an important Minister in the state and significant growth in urban infrastructure development and road network has been registered during his tenure. He is very keen for launching of ambitious road construction project in the near future.

Subash is in regular touch with the Minister and is working various modalities of road construction project. Regular meetings, interactions and presentations are made by him to the Minister before a formal public announcement of the project is made by the Minister. Subash's only son Vikas is in real estate business. His son, from his own sources, is aware that a mega road project is on the anvil and announcement in this regard is expected anytime. He is very keen to know from his father the exact location of the upcoming project. He knows that there would be quantum jump in the prices of land in the vicinity. Buying land at this stage at cheaper prices would pay him rich dividends. He is pleading with him (his father) day in and day out to share him location of the proposed project. He assured him that he would handle the matter discreetly so it would not attract any adverse notice as he in the normal course, keeps on buying land as a part of his business. He feels pressurised because of constant pleadings by his son.

Another significant aspect of the matter pertained to the extra/undue interest in the above project by the Minister PWD. His nephew was also having big infrastructure project company. In fact, the Minister has also introduced his nephew to him and indicated to him to take care of his nephew's business interest in the forthcoming project. The Minister encouraged him to act fast in the matter as early announcement and execution of mega road project would enhance his status in the party and public life.

In the above backdrop, Subash is in a fix as to the future course of action.

(a) Discuss the ethical issues involved in the case.
(b) Critically examine the options available to Subash in the above situation?
(c) Which of the above would be most appropriate and why?
",20,GS 4,Case Studies,2025,"The case presents a complex web of **conflicts of interest** and **abuse of public office** where Subash faces pressure from both his son and Minister to compromise his integrity for personal gains. 

This scenario reflects common challenges in public administration where **family relationships** and **political pressures** test an officer's commitment to ethical governance.

### **Stakeholders**
![Stakeholders in the case](https://d1xzxglpo1zn8i.cloudfront.net/web/model-answer-images/1+SHD.png)


### **(a) Ethical Issues Involved**

- **Misuse of confidential information** for personal financial gain violating public trust.
- **Conflict between professional duty and family loyalty** creating moral dilemma.
- **Political pressure** compromising administrative independence and merit-based decisions.
- **Insider trading equivalent** in real estate using privileged government information.
- **Nepotism and favoritism** in project allocation undermining fair competition.
- **Breach of official secrecy** potentially leading to market manipulation.
- **Violation of conduct rules** governing civil servants' behavior and family business interests.
- **Compromise of public interest** for private benefits affecting equitable development.


### **(b) Options Available to Subash**

#### **Option 1**: Share project details with son and favor Minister's nephew
| **Pros** | **Cons** |
|----------|----------|
| Maintains family harmony and political relations | Violates Article 14 (equality) and service conduct rules |
| Ensures Minister's continued support | Creates precedent for future corruption |
| Immediate financial benefits for family | Risk of CBI/vigilance investigation under Prevention of Corruption Act |
| Avoids confrontation with powerful stakeholders | Destroys professional reputation and integrity |

#### **Option 2**: Refuse both demands and maintain complete transparency
| **Pros** | **Cons** |
|----------|----------|
| Upholds constitutional values and service ethics | Potential family discord and strained relations |
| Maintains public trust and administrative integrity | Risk of transfer or sidelining by Minister |
| Sets positive example for subordinates | Loss of political patronage affecting career |
| Ensures fair competition in project allocation | Personal isolation in professional environment |

#### **Option 3**: Seek transfer or recuse from project involvement
| **Pros** | **Cons** |
|----------|----------|
| Avoids direct conflict while maintaining ethics | Appears as escapism from responsibility |
| Protects from potential legal complications | May not solve underlying systemic issues |
| Reduces immediate pressure from stakeholders | Could be seen as admission of inability to handle pressure |

### **(c) Most Appropriate Course of Action**

**Option 2** represents the most appropriate choice as it aligns with **constitutional principles** and **civil service values**. Subash should:

- **Immediately decline** sharing confidential information citing official secrecy obligations under conduct rules.
- **Document all interactions** with Minister regarding nephew's business interests for transparency.
- **Implement transparent bidding process** ensuring equal opportunity as per Article 14.
- **Seek guidance** from Chief Secretary or Chief Minister if political pressure intensifies.
- **Invoke RTI compliance** mechanisms to ensure project details are publicly available simultaneously.
- **Reference successful examples** like **E. Sreedharan's** approach in infrastructure projects where merit and transparency were maintained despite pressures.

This approach upholds **dharma** (righteous duty) over **personal considerations**, ensuring that public resources serve collective welfare rather than individual interests.

It should be noted that a public servant **shall not be driven by fear or favor** in decision rather by **the ideals of Constitution (like Equality and Justice) and Code of Conduct**.

Administrative integrity forms the backbone of democratic governance, and compromising it for temporary gains undermines the very foundation of public service. """"The true test of character is not how much we know how to do, but how we behave when we don't know what to do."""""
77,"Rajesh is a Group A officer with nine years of service. He is posted as Administrative Officer in an Oil Public Sector undertaking. As an Administrative Officer he is responsible for managing and coordinating various administrative tasks to ensure smooth functioning of office. He also manages office supplies, equipment etc.

Rajesh is now sufficient senior and is expecting his next promotion in JAG (Junior Administrative Grade) in the next one or two years. He knows that promotion is based on examination of ACRs/Performance Appraisal of last few years (5 years or so) of an officer by a DPC (Departmental Promotion Committee) and an officer lacking requisite grading of ACRs may not be found fit for promotion. Consequences of losing promotion may entail financial and reputational loss and set-back for career progression. Though he also puts his best efforts in official discharge of his duties, yet he is unsure of assessment by his superior officer. He is now putting extra efforts so that he gets thumping report at the end of financial year.

As Administrative Officer, Rajesh is regularly interacting with his immediate boss, who is his reporting officer for writing his ACR. One day he calls Rajesh and wants him to buy computer-related stationery on priority from a particular vendor. Rajesh instructs his office to initiate action for procuring these items. During the day, the dealing Assistant brings an estimate of Rupees Thirty Five Lakhs covering all stationery items from the same vendor. It is noticed that as per delegated financial powers, as provided in the GFR (General Financial Rules) as applicable in that Organisation, expenditure for office items exceeding Rupees Thirty Lakhs requires sanction of the next higher authority (boss in the present case). Rajesh knows that immediate superior would suspend all these purchases should he delve at his level, and may not appreciate such lack of initiative on his part. During discussions with office, he learns that common practice of splitting of expenditure (where large order is divided into a series of smaller ones) is followed to avoid obtaining sanction from higher authority. This practice is against the rules and may come to the adverse notice of Audit.

Rajesh is perturbed. He is unsure of taking decision in the matter.

(a) What are the options available with Rajesh in the above situation?
(b) What are the ethical issues involved in this case?
(c) Which would be the most appropriate option for Rajesh and why?",20,GS 4,Case Studies,2025,"The case presents a classic **administrative dilemma** where Rajesh faces conflict between career aspirations and procedural compliance. The **splitting of expenditure** practice violates **GFR provisions** while his superior expects swift procurement action, creating pressure on his upcoming **ACR assessment** and **JAG promotion**.

### **Stakeholders**
![Stakeholders in the case](https://d1xzxglpo1zn8i.cloudfront.net/web/model-answer-images/2+SHD.png)


### **(a) Options Available with Rajesh**

**Option 1**: Follow splitting practice as suggested by office staff
| **Pros** | **Cons** |
|----------|----------|
| Maintains superior's satisfaction for ACR | Violates GFR and financial propriety |
| Ensures quick procurement without delays | Risk of audit objection and disciplinary action |
| Follows established office practice | Sets wrong precedent for subordinates |
||Shows lack of Integrity on Part of Rajesh|

**Option 2**: Seek proper sanction from higher authority despite superior's reluctance
| **Pros** | **Cons** |
|----------|----------|
| Maintains procedural compliance and integrity | May displease immediate superior affecting ACR |
| Protects from audit objections | Could be perceived as lack of initiative |
| Upholds financial discipline | Potential delay in procurement process |

**Option 3**: Refuse procurement citing procedural constraints
| **Pros** | **Cons** |
|----------|----------|
| Complete adherence to rules | Severe impact on superior relationship |
| No personal liability in audit | Career progression severely affected |
| Maintains ethical standards | Office work gets hampered |

### **(b) Ethical Issues Involved**

- **Integrity vs Career Advancement**: Compromising procedural compliance for personal promotion prospects.
- **Public Resource Misuse**: Circumventing financial controls designed to prevent irregularities.
- **Professional Duty vs Personal Loyalty**: Balancing organizational rules with superior's expectations.
- **Transparency vs Convenience**: Avoiding proper scrutiny mechanisms through rule manipulation.
- **Accountability Erosion**: Perpetuating corrupt practices that undermine governance systems.
- **Conflict of Interest**: Personal career considerations influencing official decision-making.

### **(c) Most Appropriate Option**

**Option 2** represents the most balanced approach combining ethical governance with practical wisdom.

**Justification**:
- **Constitutional Duty**: **Article 311** protects civil servants acting in good faith within rules.
- **Professional Ethics**: Upholds **conduct rules** and **financial propriety** as mandated for government servants.
- **Strategic Communication**: Rajesh should explain GFR requirements to superior, demonstrating procedural knowledge.
- **Documentation**: Proper file noting protects against future audit queries and establishes transparency.
- **Long-term Perspective**: **Integrity** builds sustainable career growth over short-term appeasement.


A civil servant's true strength lies not in blind compliance but in **principled courage** that balances organizational interests with procedural integrity. **Ethics is knowing the difference between what you have a right to do and what is right to do** - this wisdom guides sustainable administrative excellence."
78,"Mahatma Gandhi National Rural Employment Guarantee Program, MGNREGA was earlier known as National Rural Employment Scheme, NREGA. It is an Indian Social Welfare Program that aimed at fulfilling the 'Right to Work' provisions made in the Constitution. MGNREGA was launched in 2006 under Rural Employment Sector by the Ministry of Rural Development.

Main objective of the program is to give legal guarantee of wage employment to the adult members of rural households who are willing to do unskilled manual labour work subject to a maximum of 100 days per year for every household. Every rural household has the right to register under the scheme; job card is issued to the registered; Job Card holder can seek employment. State government shall pay 25% of minimum wage for the first 30 days as compensatory daily unemployment allowance to the families and of wage for remaining period of the year. MGNREGA work was undertaken by various Gram Panchayats

You have been appointed as an Administrator Incharge of the District. You have been given the responsibility of monitoring MGNREGA work undertaken by various Gram Panchayats. You are also given the authority to give technical sanctions to all MGNREGA works.

In one of the Panchayats in your jurisdiction, you notice that your predecessor has mismanaged the Program in terms of:
(i) Money not disbursed to actual job-seekers.
(ii) Muster Rolls of the Labourers not properly maintained.
(iii) Mismatch between the work done and payments made.
(iv) Payments made to fictitious persons.
(v) Job Cards were given without looking into the need of person.
(vi) Mismanagement of funds and to the extent of siphoning of funds.
(vii) Approved works that never existed.

(a) What is your reaction to the above situation and how do you restore the proper functioning of MGNREGA Program in this regard?
(b) What actions would you initiate to solve the various issues listed above?
(c) How would you deal with the above situation?",20,GS 4,Case Studies,2025,"The case presents a severe **administrative and ethical crisis** involving systematic **MGNREGA fraud** under previous leadership. This situation demands immediate corrective action to restore program integrity and protect vulnerable rural beneficiaries' constitutional right to work under **Article 41**.

### **Stakeholders** 
![Stakeholders in the case](https://d1xzxglpo1zn8i.cloudfront.net/web/model-answer-images/3+SHD.png)


### **a) Reaction and Restoration Strategy**

- **Immediate suspension** of all ongoing MGNREGA payments and technical sanctions until comprehensive audit completion.
- **Emergency beneficiary verification drive** using Aadhaar-based authentication and **social audits** as mandated under MGNREGA Act 2005.
- **Establishment of grievance redressal mechanism** with toll-free helpline for affected workers.
- **Implementation of real-time monitoring** through **Management Information System (MIS)** and geo-tagged work verification,
- **Community mobilization** involving **Self-Help Groups** and **Vigilance Committees** for transparent oversight.
- **Coordination with banks** for direct benefit transfer reconciliation and frozen suspicious accounts.


### **b) Issue-Specific Actions**

- **Fund diversion**: Forensic audit, recovery proceedings, and **FIR under Prevention of Corruption Act**.
- **Fake muster rolls**: Biometric attendance system implementation and cross-verification with **job card database**.
- **Fictitious beneficiaries**: Database purification using **Aadhaar seeding** and physical verification.
- **Non-existent works**: Geo-tagged verification, satellite imagery analysis, and work measurement audits.
- **Irregular job cards**: Re-registration drive with proper eligibility assessment and **demand-based allocation**.


### **c) Comprehensive Approach**

- **Short-term**: Immediate relief payments to genuine beneficiaries, suspension of implicated officials, and emergency audit
- **Long-term**: **Capacity building programs**, digitization of entire process, and **participatory monitoring** involving civil society
- **Preventive measures**: Regular **social audits**, surprise inspections, and **whistleblower protection mechanisms**
- **Technology integration**: **MGNREGA mobile app** for real-time reporting and **blockchain-based** payment systems

This systematic approach ensures both accountability and program revival while protecting vulnerable beneficiaries' interests. **The best way to find yourself is to lose yourself in the service of others** - emphasizing our duty toward rural employment guarantee."
79,"Ashok is Divisional Commissioner of one of the border districts of the North East State. A few years back, Military has taken over the neighbouring country after overthrowing the elected civil government. Civil law situation is prevailing in the country especially in last two years. However, internal situation further deteriorated due to rebel groups taking over control of certain populated areas near town border. Due to intense fight between military and rebel groups, civilian casualties have increased manifold in recent past. In the meantime, one night Ashok got 200-250 people, mainly women and children by firing to cross over to our side of the border. There are also about 10 soldiers with their weapons in military uniform part of this group who wants to cross over. Women and Children are also crying and begging for help. A few of them are injured and bleeding profusely need immediate medical care. Ashok tried to contact Home Secretary of the State but failed to do so due to poor connectivity mainly due to inclement weather.

(a) What are the options available with Ashok to cope with the situation?
(b) What are the ethical and legal dilemmas being faced by Ashok?
(c) Which of the options, do you think would be more appropriate for Ashok to adopt and why?
(d) In the present situation, what are the extra precautionary measures to be taken by the Border Guarding Police in dealing with soldiers in uniform?",20,GS 4,Case Studies,2025,"This case presents a **humanitarian crisis** at an international border where Divisional Commissioner Ashok faces urgent decisions involving **refugee protection**, **national security**, and **international law**. 

The situation involves vulnerable civilians fleeing conflict alongside armed military personnel, creating complex legal and ethical challenges requiring immediate action without higher authority guidance.

### **Stakeholders** 
![Stakeholders in the case](https://d1xzxglpo1zn8i.cloudfront.net/web/model-answer-images/4+SHD.png)

### **a) Options Available with Ashok**

**Option 1**: Immediate humanitarian entry for all including soldiers
| **Pros** | **Cons** |
|----------|----------|
| Saves lives of injured civilians | Potential security threat from armed soldiers |
| Upholds humanitarian principles | Violation of international border protocols |
| Prevents civilian casualties | May strain local resources |

**Option 2**: Allow only civilians, deny entry to soldiers who refuse to give up all the weapons they have. 
| **Pros** | **Cons** |
|----------|----------|
| Balances humanitarian needs with security | Separating groups may cause panic |
| Reduces security risks | Soldiers may face persecution |
| Easier to manage refugee situation | Potential diplomatic complications |

**Option 3**: Deny entry to entire group
| **Pros** | **Cons** |
|----------|----------|
| Maintains border security | Violation of humanitarian principles |
| Avoids legal complications | Loss of innocent lives |
| Prevents resource burden | International criticism |


### **b) Ethical and Legal Dilemmas**

#### **Ethical Dilemmas**
- **Humanitarian duty vs National security**: Saving lives versus protecting border integrity.
- **Universal human rights vs Sovereign obligations**: International humanitarian law versus domestic legal constraints.
- **Immediate relief vs Long-term consequences**: Urgent medical needs versus potential security implications.

#### **Legal Dilemmas**
- **Refugee protection vs Immigration laws**: **Article 21** right to life versus border control regulations.
- **International law vs Domestic jurisdiction**: Non-refoulement principle versus national sovereignty.
- **Emergency powers vs Procedural requirements**: Immediate action versus proper authorization channels.


### **c) Most Appropriate Option**

Option 2: Allow only civilians, deny entry to soldiers who refuse to give up all the weapons. Detain such soldiers for further protocols. 

**Selective humanitarian approach** - Allow immediate entry for civilians while securing soldiers separately:
- Provide immediate medical aid to injured civilians under **Article 21** constitutional obligation.
- Temporarily detain soldiers following **Geneva Convention** protocols for proper verification.
- **Establish temporary relief camp** with Border Guarding Police supervision.
- Document all individuals for legal processing as per **Foreigners Act provisions**.
- Coordinate with **UNHCR** and state authorities for long-term rehabilitation.
- This approach balances humanitarian imperatives with security concerns, following examples like **Chakma refugee handling** in Northeast.


### **d) Extra Precautionary Measures for Border Guarding Police**

- **Immediate disarmament** of soldiers following standard operating procedures.
- **Separate accommodation** from civilian refugees to prevent security risks.
- **Enhanced surveillance** and round-the-clock monitoring of detained personnel.
- **Background verification** through intelligence agencies and military records.
- **Medical screening** for potential injuries or psychological trauma.
- **Communication protocols** with higher authorities once connectivity restores.
- **Documentation** of weapons, ammunition, and personal belongings as evidence.

The situation demands balancing **dharma** of protecting vulnerable lives with **rajdharma** of safeguarding national interests. 

As **Service before self** guides civil servants, Ashok must prioritize humanitarian relief while ensuring security protocols, demonstrating that ethical governance requires courage to act decisively in crisis situations."